Datum,1NPPL-111
1.5.2002. 00:00:00,351
5.5.2002. 00:00:00,340
10.5.2002. 00:00:00,365
15.5.2002. 00:00:00,375
20.5.2002. 00:00:00,371
25.5.2002. 00:00:00,388
1.6.2002. 00:00:00,385
5.6.2002. 00:00:00,350
10.6.2002. 00:00:00,362
15.6.2002. 00:00:00,380
20.6.2002. 00:00:00,395
25.6.2002. 00:00:00,402
1.7.2002. 00:00:00,411
5.7.2002. 00:00:00,420
10.7.2002. 00:00:00,413
15.7.2002. 00:00:00,424
20.7.2002. 00:00:00,427
25.7.2002. 00:00:00,424
1.8.2002. 00:00:00,430
5.8.2002. 00:00:00,430
10.8.2002. 00:00:00,426
15.8.2002. 00:00:00,422
20.8.2002. 00:00:00,402
25.8.2002. 00:00:00,453
1.9.2002. 00:00:00,363
5.9.2002. 00:00:00,373
10.9.2002. 00:00:00,384
15.9.2002. 00:00:00,402
20.9.2002. 00:00:00,412
25.9.2002. 00:00:00,386
1.10.2002. 00:00:00,374
5.10.2002. 00:00:00,367
10.10.2002. 00:00:00,372
15.10.2002. 00:00:00,371
20.10.2002. 00:00:00,317
25.10.2002. 00:00:00,325
1.11.2002. 00:00:00,331
5.11.2002. 00:00:00,331
10.11.2002. 00:00:00,332
15.11.2002. 00:00:00,324
20.11.2002. 00:00:00,318
25.11.2002. 00:00:00,309
1.12.2002. 00:00:00,317
5.12.2002. 00:00:00,327
10.12.2002. 00:00:00,332
15.12.2002. 00:00:00,342
20.12.2002. 00:00:00,350
25.12.2002. 00:00:00,362
1.1.2003. 00:00:00,362
5.1.2003. 00:00:00,353
10.1.2003. 00:00:00,341
15.1.2003. 00:00:00,304
20.1.2003. 00:00:00,334
25.1.2003. 00:00:00,316
1.2.2003. 00:00:00,318
5.2.2003. 00:00:00,323
10.2.2003. 00:00:00,325
15.2.2003. 00:00:00,343
20.2.2003. 00:00:00,359
25.2.2003. 00:00:00,375
1.3.2003. 00:00:00,357
5.3.2003. 00:00:00,382
10.3.2003. 00:00:00,372
15.3.2003. 00:00:00,364
20.3.2003. 00:00:00,360
25.3.2003. 00:00:00,362
1.4.2003. 00:00:00,368
5.4.2003. 00:00:00,372
10.4.2003. 00:00:00,374
15.4.2003. 00:00:00,380
20.4.2003. 00:00:00,383
25.4.2003. 00:00:00,385
1.5.2003. 00:00:00,392
5.5.2003. 00:00:00,394
10.5.2003. 00:00:00,396
15.5.2003. 00:00:00,396
20.5.2003. 00:00:00,397
25.5.2003. 00:00:00,401
1.6.2003. 00:00:00,405
5.6.2003. 00:00:00,410
10.6.2003. 00:00:00,419
15.6.2003. 00:00:00,419
20.6.2003. 00:00:00,427
25.6.2003. 00:00:00,431
1.7.2003. 00:00:00,435
5.7.2003. 00:00:00,439
10.7.2003. 00:00:00,439
15.7.2003. 00:00:00,441
20.7.2003. 00:00:00,446
25.7.2003. 00:00:00,445
1.8.2003. 00:00:00,445
5.8.2003. 00:00:00,448
10.8.2003. 00:00:00,448
15.8.2003. 00:00:00,450
20.8.2003. 00:00:00,451
25.8.2003. 00:00:00,456
1.9.2003. 00:00:00,456
5.9.2003. 00:00:00,453
10.9.2003. 00:00:00,448
15.9.2003. 00:00:00,451
20.9.2003. 00:00:00,445
25.9.2003. 00:00:00,446
1.10.2003. 00:00:00,444
5.10.2003. 00:00:00,438
10.10.2003. 00:00:00,438
15.10.2003. 00:00:00,436
20.10.2003. 00:00:00,435
25.10.2003. 00:00:00,430
1.11.2003. 00:00:00,432
5.11.2003. 00:00:00,431
10.11.2003. 00:00:00,426
15.11.2003. 00:00:00,422
20.11.2003. 00:00:00,419
25.11.2003. 00:00:00,418
1.12.2003. 00:00:00,422
5.12.2003. 00:00:00,424
10.12.2003. 00:00:00,423
15.12.2003. 00:00:00,425
20.12.2003. 00:00:00,424
25.12.2003. 00:00:00,424
1.1.2004. 00:00:00,424
5.1.2004. 00:00:00,421
10.1.2004. 00:00:00,418
15.1.2004. 00:00:00,395
20.1.2004. 00:00:00,394
25.1.2004. 00:00:00,391
1.2.2004. 00:00:00,389
5.2.2004. 00:00:00,391
10.2.2004. 00:00:00,381
15.2.2004. 00:00:00,374
20.2.2004. 00:00:00,363
25.2.2004. 00:00:00,355
1.3.2004. 00:00:00,354
5.3.2004. 00:00:00,339
10.3.2004. 00:00:00,321
15.3.2004. 00:00:00,295
20.3.2004. 00:00:00,273
25.3.2004. 00:00:00,260
1.4.2004. 00:00:00,260
5.4.2004. 00:00:00,260
10.4.2004. 00:00:00,255
15.4.2004. 00:00:00,250
20.4.2004. 00:00:00,250
25.4.2004. 00:00:00,250
1.5.2004. 00:00:00,269
5.5.2004. 00:00:00,275
10.5.2004. 00:00:00,284
15.5.2004. 00:00:00,303
20.5.2004. 00:00:00,319
25.5.2004. 00:00:00,345
1.6.2004. 00:00:00,355
5.6.2004. 00:00:00,360
10.6.2004. 00:00:00,362
15.6.2004. 00:00:00,370
20.6.2004. 00:00:00,376
25.6.2004. 00:00:00,378
1.7.2004. 00:00:00,375
5.7.2004. 00:00:00,378
10.7.2004. 00:00:00,386
15.7.2004. 00:00:00,393
20.7.2004. 00:00:00,380
25.7.2004. 00:00:00,368
1.8.2004. 00:00:00,374
5.8.2004. 00:00:00,378
10.8.2004. 00:00:00,385
15.8.2004. 00:00:00,396
20.8.2004. 00:00:00,404
25.8.2004. 00:00:00,424
1.9.2004. 00:00:00,425
5.9.2004. 00:00:00,425
10.9.2004. 00:00:00,429
15.9.2004. 00:00:00,435
20.9.2004. 00:00:00,436
25.9.2004. 00:00:00,439
1.10.2004. 00:00:00,434
5.10.2004. 00:00:00,433
10.10.2004. 00:00:00,424
15.10.2004. 00:00:00,421
20.10.2004. 00:00:00,414
25.10.2004. 00:00:00,414
1.11.2004. 00:00:00,403
5.11.2004. 00:00:00,396
10.11.2004. 00:00:00,364
15.11.2004. 00:00:00,355
20.11.2004. 00:00:00,354
25.11.2004. 00:00:00,355
1.12.2004. 00:00:00,361
5.12.2004. 00:00:00,365
10.12.2004. 00:00:00,374
15.12.2004. 00:00:00,379
20.12.2004. 00:00:00,386
25.12.2004. 00:00:00,388
1.1.2005. 00:00:00,425
5.1.2005. 00:00:00,425
10.1.2005. 00:00:00,416
15.1.2005. 00:00:00,416
20.1.2005. 00:00:00,409
25.1.2005. 00:00:00,408
1.2.2005. 00:00:00,393
5.2.2005. 00:00:00,404
10.2.2005. 00:00:00,378
15.2.2005. 00:00:00,356
20.2.2005. 00:00:00,328
25.2.2005. 00:00:00,317
1.3.2005. 00:00:00,296
5.3.2005. 00:00:00,276
10.3.2005. 00:00:00,268
15.3.2005. 00:00:00,224
20.3.2005. 00:00:00,195
25.3.2005. 00:00:00,179
1.4.2005. 00:00:00,186
5.4.2005. 00:00:00,200
10.4.2005. 00:00:00,216
15.4.2005. 00:00:00,241
20.4.2005. 00:00:00,245
25.4.2005. 00:00:00,255
1.5.2005. 00:00:00,256
5.5.2005. 00:00:00,253
10.5.2005. 00:00:00,254
15.5.2005. 00:00:00,257
20.5.2005. 00:00:00,251
25.5.2005. 00:00:00,256
1.6.2005. 00:00:00,266
5.6.2005. 00:00:00,279
10.6.2005. 00:00:00,305
15.6.2005. 00:00:00,350
20.6.2005. 00:00:00,364
25.6.2005. 00:00:00,373
1.7.2005. 00:00:00,362
5.7.2005. 00:00:00,356
10.7.2005. 00:00:00,350
15.7.2005. 00:00:00,326
20.7.2005. 00:00:00,316
25.7.2005. 00:00:00,305
1.8.2005. 00:00:00,325
5.8.2005. 00:00:00,336
10.8.2005. 00:00:00,349
15.8.2005. 00:00:00,366
20.8.2005. 00:00:00,342
25.8.2005. 00:00:00,305
1.9.2005. 00:00:00,317
5.9.2005. 00:00:00,332
10.9.2005. 00:00:00,344
15.9.2005. 00:00:00,357
20.9.2005. 00:00:00,371
25.9.2005. 00:00:00,377
1.10.2005. 00:00:00,374
5.10.2005. 00:00:00,380
10.10.2005. 00:00:00,382
15.10.2005. 00:00:00,374
20.10.2005. 00:00:00,397
25.10.2005. 00:00:00,400
1.11.2005. 00:00:00,396
5.11.2005. 00:00:00,400
10.11.2005. 00:00:00,391
15.11.2005. 00:00:00,391
20.11.2005. 00:00:00,383
25.11.2005. 00:00:00,380
1.12.2005. 00:00:00,375
5.12.2005. 00:00:00,369
10.12.2005. 00:00:00,368
15.12.2005. 00:00:00,366
20.12.2005. 00:00:00,362
25.12.2005. 00:00:00,354
1.1.2006. 00:00:00,356
5.1.2006. 00:00:00,356
10.1.2006. 00:00:00,367
15.1.2006. 00:00:00,371
20.1.2006. 00:00:00,375
25.1.2006. 00:00:00,376
1.2.2006. 00:00:00,376
5.2.2006. 00:00:00,384
10.2.2006. 00:00:00,359
15.2.2006. 00:00:00,343
20.2.2006. 00:00:00,330
25.2.2006. 00:00:00,327
1.3.2006. 00:00:00,316
5.3.2006. 00:00:00,297
10.3.2006. 00:00:00,276
15.3.2006. 00:00:00,272
20.3.2006. 00:00:00,255
25.3.2006. 00:00:00,251
1.4.2006. 00:00:00,227
5.4.2006. 00:00:00,202
10.4.2006. 00:00:00,145
15.4.2006. 00:00:00,122
20.4.2006. 00:00:00,161
25.4.2006. 00:00:00,201
1.5.2006. 00:00:00,206
5.5.2006. 00:00:00,207
10.5.2006. 00:00:00,222
15.5.2006. 00:00:00,215
20.5.2006. 00:00:00,217
25.5.2006. 00:00:00,204
1.6.2006. 00:00:00,206
5.6.2006. 00:00:00,208
10.6.2006. 00:00:00,212
15.6.2006. 00:00:00,246
20.6.2006. 00:00:00,270
25.6.2006. 00:00:00,286
1.8.2006. 00:00:00,380
5.8.2006. 00:00:00,387
10.8.2006. 00:00:00,386
15.8.2006. 00:00:00,388
20.8.2006. 00:00:00,383
25.8.2006. 00:00:00,386
1.9.2006. 00:00:00,390
5.9.2006. 00:00:00,395
10.9.2006. 00:00:00,397
15.9.2006. 00:00:00,412
20.9.2006. 00:00:00,417
25.9.2006. 00:00:00,418
1.10.2006. 00:00:00,417
5.10.2006. 00:00:00,416
10.10.2006. 00:00:00,422
15.10.2006. 00:00:00,422
20.10.2006. 00:00:00,422
25.10.2006. 00:00:00,422
1.11.2006. 00:00:00,428
5.11.2006. 00:00:00,428
10.11.2006. 00:00:00,423
15.11.2006. 00:00:00,421
20.11.2006. 00:00:00,417
25.11.2006. 00:00:00,416
1.12.2006. 00:00:00,420
5.12.2006. 00:00:00,416
10.12.2006. 00:00:00,416
15.12.2006. 00:00:00,410
20.12.2006. 00:00:00,410
25.12.2006. 00:00:00,408
1.1.2007. 00:00:00,407
5.1.2007. 00:00:00,408
10.1.2007. 00:00:00,407
15.1.2007. 00:00:00,388
20.1.2007. 00:00:00,396
25.1.2007. 00:00:00,406
1.2.2007. 00:00:00,400
5.2.2007. 00:00:00,390
10.2.2007. 00:00:00,372
15.2.2007. 00:00:00,360
20.2.2007. 00:00:00,360
25.2.2007. 00:00:00,358
1.3.2007. 00:00:00,350
5.3.2007. 00:00:00,340
10.3.2007. 00:00:00,360
15.3.2007. 00:00:00,374
20.3.2007. 00:00:00,382
25.3.2007. 00:00:00,390
1.4.2007. 00:00:00,392
5.4.2007. 00:00:00,384
10.4.2007. 00:00:00,378
15.4.2007. 00:00:00,372
20.4.2007. 00:00:00,370
25.4.2007. 00:00:00,370
1.5.2007. 00:00:00,365
5.5.2007. 00:00:00,370
10.5.2007. 00:00:00,382
15.5.2007. 00:00:00,386
20.5.2007. 00:00:00,390
25.5.2007. 00:00:00,390
1.6.2007. 00:00:00,390
5.6.2007. 00:00:00,392
10.6.2007. 00:00:00,396
15.6.2007. 00:00:00,396
20.6.2007. 00:00:00,402
25.6.2007. 00:00:00,406
1.7.2007. 00:00:00,415
5.7.2007. 00:00:00,424
10.7.2007. 00:00:00,430
15.7.2007. 00:00:00,432
20.7.2007. 00:00:00,440
25.7.2007. 00:00:00,442
1.8.2007. 00:00:00,434
5.8.2007. 00:00:00,431
10.8.2007. 00:00:00,438
15.8.2007. 00:00:00,436
20.8.2007. 00:00:00,438
25.8.2007. 00:00:00,441
1.9.2007. 00:00:00,436
5.9.2007. 00:00:00,433
10.9.2007. 00:00:00,432
15.9.2007. 00:00:00,425
20.9.2007. 00:00:00,426
25.9.2007. 00:00:00,424
1.10.2007. 00:00:00,374
5.10.2007. 00:00:00,380
10.10.2007. 00:00:00,382
15.10.2007. 00:00:00,387
20.10.2007. 00:00:00,397
25.10.2007. 00:00:00,400
1.11.2007. 00:00:00,384
5.11.2007. 00:00:00,362
10.11.2007. 00:00:00,354
15.11.2007. 00:00:00,348
20.11.2007. 00:00:00,350
25.11.2007. 00:00:00,351
1.12.2007. 00:00:00,346
5.12.2007. 00:00:00,337
10.12.2007. 00:00:00,342
15.12.2007. 00:00:00,340
20.12.2007. 00:00:00,337
25.12.2007. 00:00:00,360
1.1.2008. 00:00:00,387
5.1.2008. 00:00:00,397
10.1.2008. 00:00:00,386
15.1.2008. 00:00:00,381
20.1.2008. 00:00:00,382
25.1.2008. 00:00:00,384
1.2.2008. 00:00:00,386
5.2.2008. 00:00:00,385
10.2.2008. 00:00:00,386
15.2.2008. 00:00:00,386
20.2.2008. 00:00:00,390
25.2.2008. 00:00:00,398
1.3.2008. 00:00:00,391
5.3.2008. 00:00:00,390
10.3.2008. 00:00:00,365
15.3.2008. 00:00:00,360
20.3.2008. 00:00:00,353
25.3.2008. 00:00:00,333
1.4.2008. 00:00:00,334
5.4.2008. 00:00:00,336
10.4.2008. 00:00:00,335
15.4.2008. 00:00:00,336
20.4.2008. 00:00:00,308
25.4.2008. 00:00:00,322
1.5.2008. 00:00:00,328
5.5.2008. 00:00:00,334
10.5.2008. 00:00:00,356
15.5.2008. 00:00:00,366
20.5.2008. 00:00:00,377
25.5.2008. 00:00:00,375
1.6.2008. 00:00:00,373
5.6.2008. 00:00:00,374
10.6.2008. 00:00:00,377
15.6.2008. 00:00:00,380
20.6.2008. 00:00:00,383
25.6.2008. 00:00:00,394
1.7.2008. 00:00:00,401
5.7.2008. 00:00:00,408
10.7.2008. 00:00:00,409
15.7.2008. 00:00:00,410
20.7.2008. 00:00:00,410
25.7.2008. 00:00:00,411
1.8.2008. 00:00:00,411
5.8.2008. 00:00:00,412
10.8.2008. 00:00:00,412
15.8.2008. 00:00:00,412
20.8.2008. 00:00:00,418
25.8.2008. 00:00:00,427
1.9.2008. 00:00:00,432
5.9.2008. 00:00:00,436
10.9.2008. 00:00:00,440
15.9.2008. 00:00:00,443
20.9.2008. 00:00:00,430
25.9.2008. 00:00:00,431
1.10.2008. 00:00:00,434
5.10.2008. 00:00:00,433
10.10.2008. 00:00:00,433
15.10.2008. 00:00:00,433
20.10.2008. 00:00:00,431
25.10.2008. 00:00:00,430
1.11.2008. 00:00:00,429
5.11.2008. 00:00:00,428
10.11.2008. 00:00:00,426
15.11.2008. 00:00:00,427
20.11.2008. 00:00:00,428
25.11.2008. 00:00:00,434
1.12.2008. 00:00:00,423
5.12.2008. 00:00:00,420
10.12.2008. 00:00:00,416
15.12.2008. 00:00:00,413
20.12.2008. 00:00:00,408
25.12.2008. 00:00:00,402
1.1.2009. 00:00:00,356
2.1.2009. 00:00:00,361
3.1.2009. 00:00:00,367
4.1.2009. 00:00:00,373
5.1.2009. 00:00:00,379
6.1.2009. 00:00:00,385
7.1.2009. 00:00:00,389
8.1.2009. 00:00:00,392
9.1.2009. 00:00:00,393
10.1.2009. 00:00:00,396
11.1.2009. 00:00:00,399
12.1.2009. 00:00:00,400
13.1.2009. 00:00:00,402
14.1.2009. 00:00:00,404
15.1.2009. 00:00:00,405
16.1.2009. 00:00:00,406
17.1.2009. 00:00:00,407
18.1.2009. 00:00:00,407
19.1.2009. 00:00:00,405
20.1.2009. 00:00:00,402
21.1.2009. 00:00:00,400
22.1.2009. 00:00:00,399
23.1.2009. 00:00:00,401
24.1.2009. 00:00:00,402
25.1.2009. 00:00:00,400
26.1.2009. 00:00:00,397
27.1.2009. 00:00:00,393
28.1.2009. 00:00:00,374
29.1.2009. 00:00:00,345
30.1.2009. 00:00:00,333
31.1.2009. 00:00:00,334
1.2.2009. 00:00:00,328
2.2.2009. 00:00:00,330
3.2.2009. 00:00:00,339
4.2.2009. 00:00:00,353
5.2.2009. 00:00:00,360
6.2.2009. 00:00:00,361
7.2.2009. 00:00:00,362
8.2.2009. 00:00:00,363
9.2.2009. 00:00:00,363
10.2.2009. 00:00:00,361
11.2.2009. 00:00:00,352
12.2.2009. 00:00:00,340
13.2.2009. 00:00:00,337
14.2.2009. 00:00:00,340
15.2.2009. 00:00:00,337
16.2.2009. 00:00:00,333
17.2.2009. 00:00:00,334
18.2.2009. 00:00:00,334
19.2.2009. 00:00:00,342
20.2.2009. 00:00:00,350
21.2.2009. 00:00:00,356
22.2.2009. 00:00:00,359
23.2.2009. 00:00:00,361
24.2.2009. 00:00:00,366
25.2.2009. 00:00:00,371
26.2.2009. 00:00:00,374
27.2.2009. 00:00:00,375
28.2.2009. 00:00:00,374
1.3.2009. 00:00:00,365
2.3.2009. 00:00:00,362
3.3.2009. 00:00:00,363
4.3.2009. 00:00:00,365
5.3.2009. 00:00:00,354
6.3.2009. 00:00:00,343
7.3.2009. 00:00:00,318
8.3.2009. 00:00:00,307
9.3.2009. 00:00:00,304
10.3.2009. 00:00:00,298
11.3.2009. 00:00:00,294
12.3.2009. 00:00:00,289
13.3.2009. 00:00:00,284
14.3.2009. 00:00:00,283
15.3.2009. 00:00:00,277
16.3.2009. 00:00:00,274
17.3.2009. 00:00:00,278
18.3.2009. 00:00:00,279
19.3.2009. 00:00:00,280
20.3.2009. 00:00:00,282
21.3.2009. 00:00:00,281
22.3.2009. 00:00:00,284
23.3.2009. 00:00:00,289
24.3.2009. 00:00:00,291
25.3.2009. 00:00:00,293
26.3.2009. 00:00:00,301
27.3.2009. 00:00:00,310
28.3.2009. 00:00:00,317
29.3.2009. 00:00:00,319
30.3.2009. 00:00:00,323
31.3.2009. 00:00:00,310
1.4.2009. 00:00:00,300
2.4.2009. 00:00:00,314
3.4.2009. 00:00:00,315
4.4.2009. 00:00:00,288
5.4.2009. 00:00:00,268
6.4.2009. 00:00:00,268
7.4.2009. 00:00:00,275
8.4.2009. 00:00:00,272
9.4.2009. 00:00:00,264
10.4.2009. 00:00:00,260
11.4.2009. 00:00:00,257
12.4.2009. 00:00:00,256
13.4.2009. 00:00:00,261
14.4.2009. 00:00:00,268
15.4.2009. 00:00:00,271
16.4.2009. 00:00:00,271
17.4.2009. 00:00:00,269
18.4.2009. 00:00:00,275
19.4.2009. 00:00:00,278
20.4.2009. 00:00:00,280
21.4.2009. 00:00:00,284
22.4.2009. 00:00:00,286
23.4.2009. 00:00:00,287
24.4.2009. 00:00:00,287
25.4.2009. 00:00:00,290
26.4.2009. 00:00:00,293
27.4.2009. 00:00:00,306
28.4.2009. 00:00:00,317
29.4.2009. 00:00:00,322
30.4.2009. 00:00:00,324
1.5.2009. 00:00:00,332
2.5.2009. 00:00:00,341
3.5.2009. 00:00:00,346
4.5.2009. 00:00:00,337
5.5.2009. 00:00:00,344
6.5.2009. 00:00:00,350
7.5.2009. 00:00:00,354
8.5.2009. 00:00:00,358
9.5.2009. 00:00:00,361
10.5.2009. 00:00:00,364
11.5.2009. 00:00:00,365
12.5.2009. 00:00:00,366
13.5.2009. 00:00:00,365
14.5.2009. 00:00:00,367
15.5.2009. 00:00:00,369
16.5.2009. 00:00:00,373
17.5.2009. 00:00:00,375
18.5.2009. 00:00:00,372
19.5.2009. 00:00:00,373
20.5.2009. 00:00:00,372
21.5.2009. 00:00:00,373
22.5.2009. 00:00:00,375
23.5.2009. 00:00:00,374
24.5.2009. 00:00:00,371
25.5.2009. 00:00:00,366
26.5.2009. 00:00:00,369
27.5.2009. 00:00:00,371
28.5.2009. 00:00:00,368
29.5.2009. 00:00:00,372
30.5.2009. 00:00:00,373
31.5.2009. 00:00:00,375
1.6.2009. 00:00:00,371
2.6.2009. 00:00:00,364
3.6.2009. 00:00:00,365
4.6.2009. 00:00:00,364
5.6.2009. 00:00:00,360
6.6.2009. 00:00:00,355
7.6.2009. 00:00:00,356
8.6.2009. 00:00:00,351
9.6.2009. 00:00:00,356
10.6.2009. 00:00:00,365
11.6.2009. 00:00:00,373
12.6.2009. 00:00:00,378
13.6.2009. 00:00:00,381
14.6.2009. 00:00:00,385
15.6.2009. 00:00:00,388
16.6.2009. 00:00:00,392
17.6.2009. 00:00:00,393
18.6.2009. 00:00:00,395
19.6.2009. 00:00:00,397
20.6.2009. 00:00:00,399
21.6.2009. 00:00:00,391
22.6.2009. 00:00:00,389
23.6.2009. 00:00:00,392
24.6.2009. 00:00:00,394
25.6.2009. 00:00:00,394
26.6.2009. 00:00:00,385
27.6.2009. 00:00:00,389
28.6.2009. 00:00:00,391
29.6.2009. 00:00:00,388
30.6.2009. 00:00:00,378
1.7.2009. 00:00:00,363
2.7.2009. 00:00:00,350
3.7.2009. 00:00:00,334
4.7.2009. 00:00:00,282
5.7.2009. 00:00:00,295
6.7.2009. 00:00:00,294
7.7.2009. 00:00:00,293
8.7.2009. 00:00:00,279
9.7.2009. 00:00:00,290
10.7.2009. 00:00:00,289
11.7.2009. 00:00:00,288
12.7.2009. 00:00:00,297
13.7.2009. 00:00:00,291
14.7.2009. 00:00:00,291
15.7.2009. 00:00:00,293
16.7.2009. 00:00:00,301
17.7.2009. 00:00:00,310
18.7.2009. 00:00:00,319
19.7.2009. 00:00:00,332
20.7.2009. 00:00:00,336
21.7.2009. 00:00:00,345
22.7.2009. 00:00:00,356
23.7.2009. 00:00:00,365
24.7.2009. 00:00:00,372
25.7.2009. 00:00:00,377
26.7.2009. 00:00:00,380
27.7.2009. 00:00:00,379
28.7.2009. 00:00:00,373
29.7.2009. 00:00:00,372
30.7.2009. 00:00:00,377
31.7.2009. 00:00:00,382
1.8.2009. 00:00:00,384
2.8.2009. 00:00:00,387
3.8.2009. 00:00:00,388
4.8.2009. 00:00:00,387
5.8.2009. 00:00:00,387
6.8.2009. 00:00:00,388
7.8.2009. 00:00:00,389
8.8.2009. 00:00:00,392
9.8.2009. 00:00:00,395
10.8.2009. 00:00:00,398
11.8.2009. 00:00:00,396
12.8.2009. 00:00:00,397
13.8.2009. 00:00:00,399
14.8.2009. 00:00:00,400
15.8.2009. 00:00:00,401
16.8.2009. 00:00:00,402
17.8.2009. 00:00:00,403
18.8.2009. 00:00:00,405
19.8.2009. 00:00:00,407
20.8.2009. 00:00:00,409
21.8.2009. 00:00:00,410
22.8.2009. 00:00:00,412
23.8.2009. 00:00:00,413
24.8.2009. 00:00:00,414
25.8.2009. 00:00:00,415
26.8.2009. 00:00:00,417
27.8.2009. 00:00:00,418
28.8.2009. 00:00:00,419
29.8.2009. 00:00:00,420
30.8.2009. 00:00:00,416
31.8.2009. 00:00:00,420
1.9.2009. 00:00:00,422
2.9.2009. 00:00:00,423
3.9.2009. 00:00:00,423
4.9.2009. 00:00:00,424
5.9.2009. 00:00:00,425
6.9.2009. 00:00:00,426
7.9.2009. 00:00:00,426
8.9.2009. 00:00:00,425
9.9.2009. 00:00:00,426
10.9.2009. 00:00:00,426
11.9.2009. 00:00:00,425
12.9.2009. 00:00:00,426
13.9.2009. 00:00:00,424
14.9.2009. 00:00:00,425
15.9.2009. 00:00:00,426
16.9.2009. 00:00:00,427
17.9.2009. 00:00:00,424
18.9.2009. 00:00:00,423
19.9.2009. 00:00:00,424
20.9.2009. 00:00:00,427
21.9.2009. 00:00:00,427
22.9.2009. 00:00:00,427
23.9.2009. 00:00:00,427
24.9.2009. 00:00:00,427
25.9.2009. 00:00:00,426
26.9.2009. 00:00:00,426
27.9.2009. 00:00:00,427
28.9.2009. 00:00:00,427
29.9.2009. 00:00:00,428
30.9.2009. 00:00:00,429
1.10.2009. 00:00:00,430
2.10.2009. 00:00:00,430
3.10.2009. 00:00:00,429
4.10.2009. 00:00:00,430
5.10.2009. 00:00:00,430
6.10.2009. 00:00:00,431
7.10.2009. 00:00:00,430
8.10.2009. 00:00:00,431
9.10.2009. 00:00:00,431
10.10.2009. 00:00:00,430
11.10.2009. 00:00:00,429
12.10.2009. 00:00:00,427
13.10.2009. 00:00:00,422
14.10.2009. 00:00:00,423
15.10.2009. 00:00:00,424
16.10.2009. 00:00:00,424
17.10.2009. 00:00:00,423
18.10.2009. 00:00:00,422
19.10.2009. 00:00:00,418
20.10.2009. 00:00:00,418
21.10.2009. 00:00:00,418
22.10.2009. 00:00:00,418
23.10.2009. 00:00:00,419
24.10.2009. 00:00:00,421
25.10.2009. 00:00:00,421
26.10.2009. 00:00:00,419
27.10.2009. 00:00:00,418
28.10.2009. 00:00:00,417
29.10.2009. 00:00:00,416
30.10.2009. 00:00:00,416
31.10.2009. 00:00:00,415
1.11.2009. 00:00:00,414
2.11.2009. 00:00:00,413
3.11.2009. 00:00:00,412
4.11.2009. 00:00:00,415
5.11.2009. 00:00:00,416
6.11.2009. 00:00:00,415
7.11.2009. 00:00:00,415
8.11.2009. 00:00:00,409
9.11.2009. 00:00:00,406
10.11.2009. 00:00:00,402
11.11.2009. 00:00:00,398
12.11.2009. 00:00:00,393
13.11.2009. 00:00:00,389
14.11.2009. 00:00:00,381
15.11.2009. 00:00:00,378
16.11.2009. 00:00:00,378
17.11.2009. 00:00:00,378
18.11.2009. 00:00:00,377
19.11.2009. 00:00:00,378
20.11.2009. 00:00:00,381
21.11.2009. 00:00:00,383
22.11.2009. 00:00:00,385
23.11.2009. 00:00:00,388
24.11.2009. 00:00:00,390
25.11.2009. 00:00:00,390
26.11.2009. 00:00:00,391
27.11.2009. 00:00:00,393
28.11.2009. 00:00:00,394
29.11.2009. 00:00:00,396
30.11.2009. 00:00:00,396
1.12.2009. 00:00:00,397
2.12.2009. 00:00:00,398
3.12.2009. 00:00:00,398
4.12.2009. 00:00:00,398
5.12.2009. 00:00:00,399
6.12.2009. 00:00:00,400
7.12.2009. 00:00:00,399
8.12.2009. 00:00:00,399
9.12.2009. 00:00:00,398
10.12.2009. 00:00:00,398
11.12.2009. 00:00:00,398
12.12.2009. 00:00:00,398
13.12.2009. 00:00:00,398
14.12.2009. 00:00:00,397
15.12.2009. 00:00:00,395
16.12.2009. 00:00:00,394
17.12.2009. 00:00:00,393
18.12.2009. 00:00:00,391
19.12.2009. 00:00:00,388
20.12.2009. 00:00:00,386
21.12.2009. 00:00:00,387
22.12.2009. 00:00:00,390
23.12.2009. 00:00:00,384
24.12.2009. 00:00:00,367
25.12.2009. 00:00:00,358
26.12.2009. 00:00:00,366
27.12.2009. 00:00:00,338
28.12.2009. 00:00:00,332
29.12.2009. 00:00:00,316
30.12.2009. 00:00:00,300
31.12.2009. 00:00:00,290
1.1.2010. 00:00:00,284
2.1.2010. 00:00:00,271
3.1.2010. 00:00:00,273
4.1.2010. 00:00:00,280
5.1.2010. 00:00:00,278
6.1.2010. 00:00:00,279
7.1.2010. 00:00:00,285
8.1.2010. 00:00:00,270
9.1.2010. 00:00:00,260
10.1.2010. 00:00:00,261
11.1.2010. 00:00:00,266
12.1.2010. 00:00:00,267
13.1.2010. 00:00:00,264
14.1.2010. 00:00:00,260
15.1.2010. 00:00:00,261
16.1.2010. 00:00:00,263
17.1.2010. 00:00:00,262
18.1.2010. 00:00:00,271
19.1.2010. 00:00:00,281
20.1.2010. 00:00:00,285
21.1.2010. 00:00:00,279
22.1.2010. 00:00:00,288
23.1.2010. 00:00:00,295
24.1.2010. 00:00:00,295
25.1.2010. 00:00:00,300
26.1.2010. 00:00:00,309
27.1.2010. 00:00:00,322
28.1.2010. 00:00:00,332
29.1.2010. 00:00:00,341
30.1.2010. 00:00:00,347
31.1.2010. 00:00:00,355
1.2.2010. 00:00:00,360
2.2.2010. 00:00:00,364
3.2.2010. 00:00:00,368
4.2.2010. 00:00:00,373
5.2.2010. 00:00:00,375
6.2.2010. 00:00:00,374
7.2.2010. 00:00:00,376
8.2.2010. 00:00:00,377
9.2.2010. 00:00:00,379
10.2.2010. 00:00:00,379
11.2.2010. 00:00:00,380
12.2.2010. 00:00:00,377
13.2.2010. 00:00:00,367
14.2.2010. 00:00:00,369
15.2.2010. 00:00:00,371
16.2.2010. 00:00:00,372
17.2.2010. 00:00:00,366
18.2.2010. 00:00:00,338
19.2.2010. 00:00:00,335
20.2.2010. 00:00:00,333
21.2.2010. 00:00:00,325
22.2.2010. 00:00:00,313
23.2.2010. 00:00:00,308
24.2.2010. 00:00:00,300
25.2.2010. 00:00:00,273
26.2.2010. 00:00:00,265
27.2.2010. 00:00:00,260
28.2.2010. 00:00:00,265
1.3.2010. 00:00:00,264
2.3.2010. 00:00:00,266
3.3.2010. 00:00:00,270
4.3.2010. 00:00:00,270
5.3.2010. 00:00:00,258
6.3.2010. 00:00:00,253
7.3.2010. 00:00:00,250
8.3.2010. 00:00:00,252
9.3.2010. 00:00:00,258
10.3.2010. 00:00:00,254
11.3.2010. 00:00:00,255
12.3.2010. 00:00:00,265
13.3.2010. 00:00:00,270
14.3.2010. 00:00:00,272
15.3.2010. 00:00:00,275
16.3.2010. 00:00:00,281
17.3.2010. 00:00:00,288
18.3.2010. 00:00:00,292
19.3.2010. 00:00:00,299
20.3.2010. 00:00:00,306
21.3.2010. 00:00:00,314
22.3.2010. 00:00:00,316
23.3.2010. 00:00:00,318
24.3.2010. 00:00:00,324
25.3.2010. 00:00:00,329
26.3.2010. 00:00:00,325
27.3.2010. 00:00:00,319
28.3.2010. 00:00:00,308
29.3.2010. 00:00:00,299
30.3.2010. 00:00:00,292
31.3.2010. 00:00:00,288
1.4.2010. 00:00:00,293
2.4.2010. 00:00:00,289
3.4.2010. 00:00:00,292
4.4.2010. 00:00:00,293
5.4.2010. 00:00:00,294
6.4.2010. 00:00:00,302
7.4.2010. 00:00:00,306
8.4.2010. 00:00:00,311
9.4.2010. 00:00:00,314
10.4.2010. 00:00:00,316
11.4.2010. 00:00:00,319
12.4.2010. 00:00:00,321
13.4.2010. 00:00:00,327
14.4.2010. 00:00:00,331
15.4.2010. 00:00:00,334
16.4.2010. 00:00:00,335
17.4.2010. 00:00:00,333
18.4.2010. 00:00:00,323
19.4.2010. 00:00:00,306
20.4.2010. 00:00:00,310
21.4.2010. 00:00:00,295
22.4.2010. 00:00:00,286
23.4.2010. 00:00:00,284
24.4.2010. 00:00:00,280
25.4.2010. 00:00:00,281
26.4.2010. 00:00:00,282
27.4.2010. 00:00:00,299
28.4.2010. 00:00:00,315
29.4.2010. 00:00:00,325
30.4.2010. 00:00:00,331
1.5.2010. 00:00:00,338
2.5.2010. 00:00:00,341
3.5.2010. 00:00:00,344
4.5.2010. 00:00:00,349
5.5.2010. 00:00:00,351
6.5.2010. 00:00:00,353
7.5.2010. 00:00:00,357
8.5.2010. 00:00:00,360
9.5.2010. 00:00:00,360
10.5.2010. 00:00:00,360
11.5.2010. 00:00:00,356
12.5.2010. 00:00:00,353
13.5.2010. 00:00:00,352
14.5.2010. 00:00:00,354
15.5.2010. 00:00:00,349
16.5.2010. 00:00:00,349
17.5.2010. 00:00:00,342
18.5.2010. 00:00:00,330
19.5.2010. 00:00:00,313
20.5.2010. 00:00:00,291
21.5.2010. 00:00:00,277
22.5.2010. 00:00:00,273
23.5.2010. 00:00:00,264
24.5.2010. 00:00:00,260
25.5.2010. 00:00:00,256
26.5.2010. 00:00:00,258
27.5.2010. 00:00:00,264
28.5.2010. 00:00:00,266
29.5.2010. 00:00:00,267
30.5.2010. 00:00:00,271
31.5.2010. 00:00:00,268
1.6.2010. 00:00:00,268
2.6.2010. 00:00:00,268
3.6.2010. 00:00:00,264
4.6.2010. 00:00:00,257
5.6.2010. 00:00:00,249
6.6.2010. 00:00:00,244
7.6.2010. 00:00:00,239
8.6.2010. 00:00:00,234
9.6.2010. 00:00:00,229
10.6.2010. 00:00:00,225
11.6.2010. 00:00:00,221
12.6.2010. 00:00:00,216
13.6.2010. 00:00:00,211
14.6.2010. 00:00:00,206
15.6.2010. 00:00:00,204
16.6.2010. 00:00:00,204
17.6.2010. 00:00:00,209
18.6.2010. 00:00:00,206
19.6.2010. 00:00:00,219
20.6.2010. 00:00:00,226
21.6.2010. 00:00:00,233
22.6.2010. 00:00:00,239
23.6.2010. 00:00:00,237
24.6.2010. 00:00:00,222
25.6.2010. 00:00:00,201
26.6.2010. 00:00:00,189
27.6.2010. 00:00:00,184
28.6.2010. 00:00:00,178
29.6.2010. 00:00:00,172
30.6.2010. 00:00:00,169
1.7.2010. 00:00:00,173
2.7.2010. 00:00:00,179
3.7.2010. 00:00:00,186
4.7.2010. 00:00:00,198
5.7.2010. 00:00:00,216
6.7.2010. 00:00:00,237
7.7.2010. 00:00:00,259
8.7.2010. 00:00:00,281
9.7.2010. 00:00:00,296
10.7.2010. 00:00:00,296
11.7.2010. 00:00:00,291
12.7.2010. 00:00:00,298
13.7.2010. 00:00:00,308
14.7.2010. 00:00:00,309
15.7.2010. 00:00:00,306
16.7.2010. 00:00:00,318
17.7.2010. 00:00:00,332
18.7.2010. 00:00:00,343
19.7.2010. 00:00:00,346
20.7.2010. 00:00:00,352
21.7.2010. 00:00:00,358
22.7.2010. 00:00:00,364
23.7.2010. 00:00:00,369
24.7.2010. 00:00:00,368
25.7.2010. 00:00:00,366
26.7.2010. 00:00:00,367
27.7.2010. 00:00:00,368
28.7.2010. 00:00:00,371
29.7.2010. 00:00:00,373
30.7.2010. 00:00:00,373
31.7.2010. 00:00:00,361
1.8.2010. 00:00:00,335
2.8.2010. 00:00:00,318
3.8.2010. 00:00:00,322
4.8.2010. 00:00:00,322
5.8.2010. 00:00:00,327
6.8.2010. 00:00:00,310
7.8.2010. 00:00:00,310
8.8.2010. 00:00:00,318
9.8.2010. 00:00:00,329
10.8.2010. 00:00:00,340
11.8.2010. 00:00:00,347
12.8.2010. 00:00:00,349
13.8.2010. 00:00:00,348
14.8.2010. 00:00:00,346
15.8.2010. 00:00:00,350
16.8.2010. 00:00:00,356
17.8.2010. 00:00:00,358
18.8.2010. 00:00:00,353
19.8.2010. 00:00:00,355
20.8.2010. 00:00:00,358
21.8.2010. 00:00:00,361
22.8.2010. 00:00:00,361
23.8.2010. 00:00:00,366
24.8.2010. 00:00:00,371
25.8.2010. 00:00:00,375
26.8.2010. 00:00:00,378
27.8.2010. 00:00:00,381
28.8.2010. 00:00:00,384
29.8.2010. 00:00:00,386
30.8.2010. 00:00:00,387
31.8.2010. 00:00:00,387
1.9.2010. 00:00:00,387
2.9.2010. 00:00:00,390
3.9.2010. 00:00:00,392
4.9.2010. 00:00:00,394
5.9.2010. 00:00:00,396
6.9.2010. 00:00:00,397
7.9.2010. 00:00:00,398
8.9.2010. 00:00:00,400
9.9.2010. 00:00:00,400
10.9.2010. 00:00:00,393
11.9.2010. 00:00:00,391
12.9.2010. 00:00:00,385
13.9.2010. 00:00:00,375
14.9.2010. 00:00:00,371
15.9.2010. 00:00:00,369
16.9.2010. 00:00:00,369
17.9.2010. 00:00:00,370
18.9.2010. 00:00:00,372
19.9.2010. 00:00:00,375
20.9.2010. 00:00:00,379
21.9.2010. 00:00:00,382
22.9.2010. 00:00:00,385
23.9.2010. 00:00:00,387
24.9.2010. 00:00:00,389
25.9.2010. 00:00:00,387
26.9.2010. 00:00:00,385
27.9.2010. 00:00:00,378
28.9.2010. 00:00:00,371
29.9.2010. 00:00:00,373
30.9.2010. 00:00:00,378
1.10.2010. 00:00:00,381
2.10.2010. 00:00:00,380
3.10.2010. 00:00:00,378
4.10.2010. 00:00:00,377
5.10.2010. 00:00:00,374
6.10.2010. 00:00:00,375
7.10.2010. 00:00:00,378
8.10.2010. 00:00:00,378
9.10.2010. 00:00:00,379
10.10.2010. 00:00:00,383
11.10.2010. 00:00:00,384
12.10.2010. 00:00:00,385
13.10.2010. 00:00:00,386
14.10.2010. 00:00:00,385
15.10.2010. 00:00:00,387
16.10.2010. 00:00:00,388
17.10.2010. 00:00:00,388
18.10.2010. 00:00:00,388
19.10.2010. 00:00:00,385
20.10.2010. 00:00:00,389
21.10.2010. 00:00:00,390
22.10.2010. 00:00:00,390
23.10.2010. 00:00:00,391
24.10.2010. 00:00:00,393
25.10.2010. 00:00:00,393
26.10.2010. 00:00:00,393
27.10.2010. 00:00:00,392
28.10.2010. 00:00:00,389
29.10.2010. 00:00:00,389
30.10.2010. 00:00:00,389
31.10.2010. 00:00:00,389
1.11.2010. 00:00:00,388
2.11.2010. 00:00:00,387
3.11.2010. 00:00:00,387
4.11.2010. 00:00:00,388
5.11.2010. 00:00:00,389
6.11.2010. 00:00:00,390
7.11.2010. 00:00:00,389
8.11.2010. 00:00:00,388
9.11.2010. 00:00:00,390
10.11.2010. 00:00:00,393
11.11.2010. 00:00:00,394
12.11.2010. 00:00:00,394
13.11.2010. 00:00:00,394
14.11.2010. 00:00:00,390
15.11.2010. 00:00:00,380
16.11.2010. 00:00:00,354
17.11.2010. 00:00:00,339
18.11.2010. 00:00:00,341
19.11.2010. 00:00:00,346
20.11.2010. 00:00:00,354
21.11.2010. 00:00:00,362
22.11.2010. 00:00:00,363
23.11.2010. 00:00:00,368
24.11.2010. 00:00:00,371
25.11.2010. 00:00:00,370
26.11.2010. 00:00:00,365
27.11.2010. 00:00:00,364
28.11.2010. 00:00:00,364
29.11.2010. 00:00:00,354
30.11.2010. 00:00:00,356
1.12.2010. 00:00:00,329
2.12.2010. 00:00:00,332
3.12.2010. 00:00:00,324
4.12.2010. 00:00:00,327
5.12.2010. 00:00:00,331
6.12.2010. 00:00:00,299
7.12.2010. 00:00:00,272
8.12.2010. 00:00:00,266
9.12.2010. 00:00:00,271
10.12.2010. 00:00:00,283
11.12.2010. 00:00:00,295
12.12.2010. 00:00:00,297
13.12.2010. 00:00:00,288
14.12.2010. 00:00:00,283
15.12.2010. 00:00:00,279
16.12.2010. 00:00:00,273
17.12.2010. 00:00:00,273
18.12.2010. 00:00:00,270
19.12.2010. 00:00:00,273
20.12.2010. 00:00:00,270
21.12.2010. 00:00:00,272
22.12.2010. 00:00:00,275
23.12.2010. 00:00:00,276
24.12.2010. 00:00:00,274
25.12.2010. 00:00:00,279
26.12.2010. 00:00:00,287
27.12.2010. 00:00:00,288
28.12.2010. 00:00:00,285
29.12.2010. 00:00:00,282
30.12.2010. 00:00:00,280
31.12.2010. 00:00:00,277
1.1.2011. 00:00:00,275
2.1.2011. 00:00:00,278
3.1.2011. 00:00:00,281
4.1.2011. 00:00:00,286
5.1.2011. 00:00:00,287
6.1.2011. 00:00:00,292
7.1.2011. 00:00:00,296
8.1.2011. 00:00:00,300
9.1.2011. 00:00:00,299
10.1.2011. 00:00:00,304
11.1.2011. 00:00:00,311
12.1.2011. 00:00:00,322
13.1.2011. 00:00:00,333
14.1.2011. 00:00:00,340
15.1.2011. 00:00:00,345
16.1.2011. 00:00:00,347
17.1.2011. 00:00:00,347
18.1.2011. 00:00:00,348
19.1.2011. 00:00:00,347
20.1.2011. 00:00:00,341
21.1.2011. 00:00:00,331
22.1.2011. 00:00:00,325
23.1.2011. 00:00:00,324
24.1.2011. 00:00:00,320
25.1.2011. 00:00:00,312
26.1.2011. 00:00:00,300
27.1.2011. 00:00:00,291
28.1.2011. 00:00:00,287
29.1.2011. 00:00:00,287
30.1.2011. 00:00:00,293
31.1.2011. 00:00:00,307
1.2.2011. 00:00:00,323
2.2.2011. 00:00:00,335
3.2.2011. 00:00:00,340
4.2.2011. 00:00:00,346
5.2.2011. 00:00:00,351
6.2.2011. 00:00:00,355
7.2.2011. 00:00:00,357
8.2.2011. 00:00:00,358
9.2.2011. 00:00:00,361
10.2.2011. 00:00:00,365
11.2.2011. 00:00:00,368
12.2.2011. 00:00:00,371
13.2.2011. 00:00:00,373
14.2.2011. 00:00:00,375
15.2.2011. 00:00:00,377
16.2.2011. 00:00:00,379
17.2.2011. 00:00:00,380
18.2.2011. 00:00:00,381
19.2.2011. 00:00:00,377
20.2.2011. 00:00:00,360
21.2.2011. 00:00:00,363
22.2.2011. 00:00:00,365
23.2.2011. 00:00:00,368
24.2.2011. 00:00:00,371
25.2.2011. 00:00:00,373
26.2.2011. 00:00:00,375
27.2.2011. 00:00:00,377
28.2.2011. 00:00:00,378
1.3.2011. 00:00:00,381
2.3.2011. 00:00:00,383
3.3.2011. 00:00:00,384
4.3.2011. 00:00:00,385
5.3.2011. 00:00:00,387
6.3.2011. 00:00:00,389
7.3.2011. 00:00:00,389
8.3.2011. 00:00:00,389
9.3.2011. 00:00:00,388
10.3.2011. 00:00:00,387
11.3.2011. 00:00:00,384
12.3.2011. 00:00:00,382
13.3.2011. 00:00:00,378
14.3.2011. 00:00:00,379
15.3.2011. 00:00:00,381
16.3.2011. 00:00:00,384
17.3.2011. 00:00:00,384
18.3.2011. 00:00:00,387
19.3.2011. 00:00:00,389
20.3.2011. 00:00:00,390
21.3.2011. 00:00:00,387
22.3.2011. 00:00:00,383
23.3.2011. 00:00:00,380
24.3.2011. 00:00:00,379
25.3.2011. 00:00:00,374
26.3.2011. 00:00:00,369
27.3.2011. 00:00:00,369
28.3.2011. 00:00:00,366
29.3.2011. 00:00:00,367
30.3.2011. 00:00:00,367
31.3.2011. 00:00:00,368
1.4.2011. 00:00:00,368
2.4.2011. 00:00:00,373
3.4.2011. 00:00:00,376
4.4.2011. 00:00:00,377
5.4.2011. 00:00:00,380
6.4.2011. 00:00:00,382
7.4.2011. 00:00:00,384
8.4.2011. 00:00:00,386
9.4.2011. 00:00:00,387
10.4.2011. 00:00:00,388
11.4.2011. 00:00:00,388
12.4.2011. 00:00:00,390
13.4.2011. 00:00:00,391
14.4.2011. 00:00:00,391
15.4.2011. 00:00:00,390
16.4.2011. 00:00:00,391
17.4.2011. 00:00:00,391
18.4.2011. 00:00:00,389
25.5.2012. 00:00:00,346
26.5.2012. 00:00:00,348
27.5.2012. 00:00:00,350
28.5.2012. 00:00:00,350
29.5.2012. 00:00:00,351
30.5.2012. 00:00:00,353
31.5.2012. 00:00:00,352
1.6.2012. 00:00:00,356
2.6.2012. 00:00:00,350
3.6.2012. 00:00:00,347
4.6.2012. 00:00:00,354
5.6.2012. 00:00:00,359
6.6.2012. 00:00:00,364
7.6.2012. 00:00:00,371
8.6.2012. 00:00:00,376
9.6.2012. 00:00:00,381
10.6.2012. 00:00:00,383
11.6.2012. 00:00:00,379
12.6.2012. 00:00:00,373
13.6.2012. 00:00:00,375
14.6.2012. 00:00:00,379
15.6.2012. 00:00:00,380
16.6.2012. 00:00:00,382
17.6.2012. 00:00:00,384
18.6.2012. 00:00:00,384
19.6.2012. 00:00:00,383
20.6.2012. 00:00:00,380
21.6.2012. 00:00:00,378
22.6.2012. 00:00:00,377
23.6.2012. 00:00:00,382
24.6.2012. 00:00:00,385
25.6.2012. 00:00:00,383
26.6.2012. 00:00:00,385
27.6.2012. 00:00:00,388
28.6.2012. 00:00:00,391
29.6.2012. 00:00:00,394
30.6.2012. 00:00:00,397
1.7.2012. 00:00:00,400
2.7.2012. 00:00:00,404
3.7.2012. 00:00:00,407
4.7.2012. 00:00:00,410
5.7.2012. 00:00:00,412
6.7.2012. 00:00:00,415
7.7.2012. 00:00:00,417
8.7.2012. 00:00:00,418
9.7.2012. 00:00:00,421
10.7.2012. 00:00:00,424
11.7.2012. 00:00:00,425
12.7.2012. 00:00:00,427
13.7.2012. 00:00:00,428
14.7.2012. 00:00:00,429
15.7.2012. 00:00:00,430
16.7.2012. 00:00:00,431
17.7.2012. 00:00:00,432
18.7.2012. 00:00:00,434
19.7.2012. 00:00:00,435
20.7.2012. 00:00:00,436
21.7.2012. 00:00:00,437
22.7.2012. 00:00:00,438
23.7.2012. 00:00:00,437
24.7.2012. 00:00:00,437
25.7.2012. 00:00:00,430
26.7.2012. 00:00:00,427
27.7.2012. 00:00:00,428
28.7.2012. 00:00:00,429
29.7.2012. 00:00:00,432
30.7.2012. 00:00:00,432
31.7.2012. 00:00:00,431
1.8.2012. 00:00:00,431
2.8.2012. 00:00:00,433
3.8.2012. 00:00:00,434
4.8.2012. 00:00:00,435
5.8.2012. 00:00:00,437
6.8.2012. 00:00:00,439
7.8.2012. 00:00:00,441
8.8.2012. 00:00:00,443
9.8.2012. 00:00:00,444
10.8.2012. 00:00:00,445
11.8.2012. 00:00:00,445
12.8.2012. 00:00:00,446
13.8.2012. 00:00:00,445
14.8.2012. 00:00:00,446
15.8.2012. 00:00:00,447
16.8.2012. 00:00:00,448
17.8.2012. 00:00:00,449
18.8.2012. 00:00:00,450
19.8.2012. 00:00:00,450
20.8.2012. 00:00:00,450
21.8.2012. 00:00:00,451
22.8.2012. 00:00:00,452
23.8.2012. 00:00:00,453
24.8.2012. 00:00:00,454
25.8.2012. 00:00:00,452
26.8.2012. 00:00:00,452
27.8.2012. 00:00:00,453
28.8.2012. 00:00:00,452
29.8.2012. 00:00:00,452
30.8.2012. 00:00:00,453
31.8.2012. 00:00:00,454
1.9.2012. 00:00:00,455
2.9.2012. 00:00:00,456
3.9.2012. 00:00:00,455
4.9.2012. 00:00:00,455
5.9.2012. 00:00:00,455
6.9.2012. 00:00:00,454
7.9.2012. 00:00:00,453
8.9.2012. 00:00:00,453
9.9.2012. 00:00:00,453
10.9.2012. 00:00:00,454
11.9.2012. 00:00:00,454
12.9.2012. 00:00:00,455
13.9.2012. 00:00:00,456
14.9.2012. 00:00:00,455
15.9.2012. 00:00:00,453
16.9.2012. 00:00:00,452
17.9.2012. 00:00:00,451
18.9.2012. 00:00:00,453
19.9.2012. 00:00:00,454
20.9.2012. 00:00:00,454
21.9.2012. 00:00:00,451
22.9.2012. 00:00:00,450
23.9.2012. 00:00:00,450
24.9.2012. 00:00:00,450
25.9.2012. 00:00:00,453
26.9.2012. 00:00:00,454
27.9.2012. 00:00:00,454
28.9.2012. 00:00:00,455
29.9.2012. 00:00:00,454
30.9.2012. 00:00:00,455
1.10.2012. 00:00:00,455
2.10.2012. 00:00:00,456
3.10.2012. 00:00:00,455
4.10.2012. 00:00:00,454
5.10.2012. 00:00:00,453
6.10.2012. 00:00:00,454
7.10.2012. 00:00:00,454
8.10.2012. 00:00:00,453
9.10.2012. 00:00:00,452
10.10.2012. 00:00:00,452
11.10.2012. 00:00:00,453
12.10.2012. 00:00:00,451
13.10.2012. 00:00:00,452
14.10.2012. 00:00:00,450
15.10.2012. 00:00:00,449
16.10.2012. 00:00:00,449
17.10.2012. 00:00:00,448
18.10.2012. 00:00:00,447
19.10.2012. 00:00:00,447
20.10.2012. 00:00:00,448
21.10.2012. 00:00:00,449
22.10.2012. 00:00:00,447
23.10.2012. 00:00:00,446
24.10.2012. 00:00:00,444
25.10.2012. 00:00:00,443
26.10.2012. 00:00:00,442
27.10.2012. 00:00:00,441
28.10.2012. 00:00:00,441
29.10.2012. 00:00:00,441
30.10.2012. 00:00:00,442
31.10.2012. 00:00:00,443
1.11.2012. 00:00:00,442
2.11.2012. 00:00:00,439
3.11.2012. 00:00:00,438
4.11.2012. 00:00:00,438
5.11.2012. 00:00:00,437
6.11.2012. 00:00:00,435
7.11.2012. 00:00:00,435
8.11.2012. 00:00:00,435
9.11.2012. 00:00:00,435
10.11.2012. 00:00:00,435
11.11.2012. 00:00:00,433
12.11.2012. 00:00:00,431
13.11.2012. 00:00:00,430
14.11.2012. 00:00:00,428
15.11.2012. 00:00:00,425
16.11.2012. 00:00:00,420
17.11.2012. 00:00:00,416
18.11.2012. 00:00:00,412
19.11.2012. 00:00:00,410
20.11.2012. 00:00:00,407
21.11.2012. 00:00:00,407
22.11.2012. 00:00:00,406
23.11.2012. 00:00:00,406
24.11.2012. 00:00:00,407
25.11.2012. 00:00:00,409
26.11.2012. 00:00:00,410
27.11.2012. 00:00:00,412
28.11.2012. 00:00:00,413
29.11.2012. 00:00:00,415
30.11.2012. 00:00:00,416
1.12.2012. 00:00:00,418
2.12.2012. 00:00:00,418
3.12.2012. 00:00:00,419
4.12.2012. 00:00:00,420
5.12.2012. 00:00:00,419
6.12.2012. 00:00:00,418
7.12.2012. 00:00:00,419
8.12.2012. 00:00:00,418
9.12.2012. 00:00:00,417
10.12.2012. 00:00:00,416
11.12.2012. 00:00:00,415
12.12.2012. 00:00:00,416
13.12.2012. 00:00:00,417
14.12.2012. 00:00:00,418
15.12.2012. 00:00:00,419
16.12.2012. 00:00:00,418
17.12.2012. 00:00:00,417
18.12.2012. 00:00:00,417
19.12.2012. 00:00:00,418
20.12.2012. 00:00:00,418
21.12.2012. 00:00:00,417
22.12.2012. 00:00:00,417
23.12.2012. 00:00:00,417
24.12.2012. 00:00:00,416
25.12.2012. 00:00:00,414
26.12.2012. 00:00:00,412
27.12.2012. 00:00:00,410
28.12.2012. 00:00:00,408
29.12.2012. 00:00:00,408
30.12.2012. 00:00:00,404
31.12.2012. 00:00:00,403
1.1.2013. 00:00:00,403
2.1.2013. 00:00:00,401
3.1.2013. 00:00:00,395
4.1.2013. 00:00:00,390
5.1.2013. 00:00:00,389
6.1.2013. 00:00:00,388
7.1.2013. 00:00:00,389
8.1.2013. 00:00:00,395
9.1.2013. 00:00:00,398
10.1.2013. 00:00:00,400
11.1.2013. 00:00:00,402
12.1.2013. 00:00:00,402
13.1.2013. 00:00:00,399
14.1.2013. 00:00:00,393
15.1.2013. 00:00:00,388
16.1.2013. 00:00:00,389
17.1.2013. 00:00:00,389
18.1.2013. 00:00:00,390
19.1.2013. 00:00:00,389
20.1.2013. 00:00:00,386
21.1.2013. 00:00:00,376
22.1.2013. 00:00:00,377
23.1.2013. 00:00:00,378
24.1.2013. 00:00:00,379
25.1.2013. 00:00:00,385
26.1.2013. 00:00:00,390
27.1.2013. 00:00:00,390
28.1.2013. 00:00:00,380
29.1.2013. 00:00:00,382
30.1.2013. 00:00:00,381
31.1.2013. 00:00:00,381
1.2.2013. 00:00:00,384
2.2.2013. 00:00:00,386
3.2.2013. 00:00:00,390
4.2.2013. 00:00:00,390
5.2.2013. 00:00:00,388
6.2.2013. 00:00:00,380
7.2.2013. 00:00:00,373
8.2.2013. 00:00:00,371
9.2.2013. 00:00:00,370
10.2.2013. 00:00:00,362
11.2.2013. 00:00:00,350
12.2.2013. 00:00:00,331
13.2.2013. 00:00:00,308
14.2.2013. 00:00:00,307
15.2.2013. 00:00:00,302
16.2.2013. 00:00:00,289
17.2.2013. 00:00:00,293
18.2.2013. 00:00:00,306
19.2.2013. 00:00:00,323
20.2.2013. 00:00:00,339
21.2.2013. 00:00:00,349
22.2.2013. 00:00:00,352
23.2.2013. 00:00:00,354
24.2.2013. 00:00:00,358
25.2.2013. 00:00:00,365
26.2.2013. 00:00:00,372
27.2.2013. 00:00:00,373
28.2.2013. 00:00:00,370
1.3.2013. 00:00:00,362
2.3.2013. 00:00:00,354
3.3.2013. 00:00:00,346
4.3.2013. 00:00:00,345
5.3.2013. 00:00:00,343
6.3.2013. 00:00:00,335
7.3.2013. 00:00:00,330
8.3.2013. 00:00:00,342
9.3.2013. 00:00:00,349
10.3.2013. 00:00:00,350
11.3.2013. 00:00:00,352
12.3.2013. 00:00:00,340
13.3.2013. 00:00:00,332
14.3.2013. 00:00:00,288
15.3.2013. 00:00:00,279
16.3.2013. 00:00:00,266
17.3.2013. 00:00:00,257
18.3.2013. 00:00:00,251
19.3.2013. 00:00:00,255
20.3.2013. 00:00:00,263
21.3.2013. 00:00:00,257
22.3.2013. 00:00:00,251
23.3.2013. 00:00:00,247
24.3.2013. 00:00:00,245
25.3.2013. 00:00:00,244
26.3.2013. 00:00:00,250
27.3.2013. 00:00:00,262
28.3.2013. 00:00:00,265
29.3.2013. 00:00:00,262
30.3.2013. 00:00:00,265
31.3.2013. 00:00:00,270
1.4.2013. 00:00:00,278
2.4.2013. 00:00:00,280
3.4.2013. 00:00:00,283
4.4.2013. 00:00:00,286
5.4.2013. 00:00:00,278
6.4.2013. 00:00:00,268
7.4.2013. 00:00:00,260
8.4.2013. 00:00:00,252
9.4.2013. 00:00:00,241
10.4.2013. 00:00:00,233
11.4.2013. 00:00:00,228
12.4.2013. 00:00:00,223
13.4.2013. 00:00:00,220
14.4.2013. 00:00:00,222
15.4.2013. 00:00:00,225
16.4.2013. 00:00:00,230
17.4.2013. 00:00:00,233
18.4.2013. 00:00:00,236
19.4.2013. 00:00:00,238
20.4.2013. 00:00:00,239
21.4.2013. 00:00:00,241
22.4.2013. 00:00:00,239
23.4.2013. 00:00:00,240
24.4.2013. 00:00:00,242
25.4.2013. 00:00:00,231
26.4.2013. 00:00:00,231
27.4.2013. 00:00:00,230
28.4.2013. 00:00:00,231
29.4.2013. 00:00:00,232
30.4.2013. 00:00:00,233
1.5.2013. 00:00:00,234
2.5.2013. 00:00:00,235
3.5.2013. 00:00:00,238
4.5.2013. 00:00:00,242
5.5.2013. 00:00:00,245
6.5.2013. 00:00:00,243
7.5.2013. 00:00:00,246
8.5.2013. 00:00:00,249
9.5.2013. 00:00:00,248
10.5.2013. 00:00:00,247
11.5.2013. 00:00:00,250
12.5.2013. 00:00:00,251
13.5.2013. 00:00:00,254
14.5.2013. 00:00:00,257
15.5.2013. 00:00:00,258
16.5.2013. 00:00:00,258
17.5.2013. 00:00:00,265
18.5.2013. 00:00:00,276
19.5.2013. 00:00:00,283
20.5.2013. 00:00:00,289
21.5.2013. 00:00:00,294
22.5.2013. 00:00:00,297
23.5.2013. 00:00:00,262
24.5.2013. 00:00:00,292
25.5.2013. 00:00:00,302
26.5.2013. 00:00:00,305
27.5.2013. 00:00:00,306
28.5.2013. 00:00:00,309
29.5.2013. 00:00:00,314
30.5.2013. 00:00:00,309
31.5.2013. 00:00:00,318
1.6.2013. 00:00:00,322
2.6.2013. 00:00:00,323
3.6.2013. 00:00:00,326
4.6.2013. 00:00:00,330
5.6.2013. 00:00:00,334
6.6.2013. 00:00:00,336
7.6.2013. 00:00:00,335
8.6.2013. 00:00:00,337
9.6.2013. 00:00:00,340
10.6.2013. 00:00:00,340
11.6.2013. 00:00:00,329
12.6.2013. 00:00:00,294
13.6.2013. 00:00:00,257
14.6.2013. 00:00:00,244
15.6.2013. 00:00:00,237
16.6.2013. 00:00:00,234
17.6.2013. 00:00:00,233
18.6.2013. 00:00:00,232
19.6.2013. 00:00:00,238
20.6.2013. 00:00:00,241
21.6.2013. 00:00:00,246
22.6.2013. 00:00:00,252
23.6.2013. 00:00:00,257
24.6.2013. 00:00:00,262
25.6.2013. 00:00:00,266
26.6.2013. 00:00:00,272
27.6.2013. 00:00:00,276
28.6.2013. 00:00:00,290
29.6.2013. 00:00:00,308
30.6.2013. 00:00:00,320
1.7.2013. 00:00:00,322
2.7.2013. 00:00:00,318
3.7.2013. 00:00:00,320
4.7.2013. 00:00:00,326
5.7.2013. 00:00:00,333
6.7.2013. 00:00:00,337
7.7.2013. 00:00:00,340
8.7.2013. 00:00:00,343
9.7.2013. 00:00:00,349
10.7.2013. 00:00:00,355
11.7.2013. 00:00:00,360
12.7.2013. 00:00:00,364
13.7.2013. 00:00:00,368
14.7.2013. 00:00:00,371
15.7.2013. 00:00:00,375
16.7.2013. 00:00:00,377
17.7.2013. 00:00:00,380
18.7.2013. 00:00:00,383
19.7.2013. 00:00:00,386
20.7.2013. 00:00:00,389
21.7.2013. 00:00:00,391
22.7.2013. 00:00:00,393
23.7.2013. 00:00:00,396
24.7.2013. 00:00:00,398
25.7.2013. 00:00:00,401
26.7.2013. 00:00:00,403
27.7.2013. 00:00:00,405
28.7.2013. 00:00:00,407
29.7.2013. 00:00:00,409
30.7.2013. 00:00:00,409
31.7.2013. 00:00:00,411
1.8.2013. 00:00:00,412
2.8.2013. 00:00:00,414
3.8.2013. 00:00:00,415
4.8.2013. 00:00:00,416
5.8.2013. 00:00:00,417
6.8.2013. 00:00:00,418
7.8.2013. 00:00:00,419
8.8.2013. 00:00:00,421
9.8.2013. 00:00:00,422
10.8.2013. 00:00:00,423
11.8.2013. 00:00:00,424
12.8.2013. 00:00:00,425
13.8.2013. 00:00:00,425
14.8.2013. 00:00:00,426
15.8.2013. 00:00:00,426
16.8.2013. 00:00:00,426
17.8.2013. 00:00:00,427
18.8.2013. 00:00:00,428
19.8.2013. 00:00:00,429
20.8.2013. 00:00:00,431
21.8.2013. 00:00:00,431
22.8.2013. 00:00:00,445
23.8.2013. 00:00:00,445
24.8.2013. 00:00:00,445
25.8.2013. 00:00:00,446
26.8.2013. 00:00:00,445
27.8.2013. 00:00:00,442
28.8.2013. 00:00:00,442
29.8.2013. 00:00:00,442
30.8.2013. 00:00:00,444
31.8.2013. 00:00:00,445
1.9.2013. 00:00:00,446
2.9.2013. 00:00:00,446
3.9.2013. 00:00:00,445
4.9.2013. 00:00:00,445
5.9.2013. 00:00:00,444
6.9.2013. 00:00:00,444
7.9.2013. 00:00:00,446
8.9.2013. 00:00:00,447
9.9.2013. 00:00:00,447
10.9.2013. 00:00:00,447
11.9.2013. 00:00:00,447
12.9.2013. 00:00:00,445
13.9.2013. 00:00:00,445
14.9.2013. 00:00:00,447
15.9.2013. 00:00:00,448
16.9.2013. 00:00:00,449
17.9.2013. 00:00:00,449
18.9.2013. 00:00:00,447
19.9.2013. 00:00:00,445
20.9.2013. 00:00:00,446
21.9.2013. 00:00:00,446
22.9.2013. 00:00:00,447
23.9.2013. 00:00:00,446
24.9.2013. 00:00:00,447
25.9.2013. 00:00:00,446
26.9.2013. 00:00:00,445
27.9.2013. 00:00:00,443
28.9.2013. 00:00:00,441
29.9.2013. 00:00:00,438
30.9.2013. 00:00:00,437
1.10.2013. 00:00:00,434
2.10.2013. 00:00:00,433
3.10.2013. 00:00:00,434
4.10.2013. 00:00:00,437
5.10.2013. 00:00:00,438
6.10.2013. 00:00:00,439
7.10.2013. 00:00:00,440
8.10.2013. 00:00:00,442
9.10.2013. 00:00:00,442
10.10.2013. 00:00:00,443
11.10.2013. 00:00:00,443
12.10.2013. 00:00:00,444
13.10.2013. 00:00:00,445
14.10.2013. 00:00:00,445
15.10.2013. 00:00:00,445
16.10.2013. 00:00:00,443
17.10.2013. 00:00:00,442
18.10.2013. 00:00:00,442
19.10.2013. 00:00:00,441
20.10.2013. 00:00:00,441
21.10.2013. 00:00:00,440
22.10.2013. 00:00:00,439
23.10.2013. 00:00:00,439
24.10.2013. 00:00:00,440
25.10.2013. 00:00:00,440
26.10.2013. 00:00:00,440
27.10.2013. 00:00:00,440
28.10.2013. 00:00:00,440
29.10.2013. 00:00:00,441
30.10.2013. 00:00:00,442
31.10.2013. 00:00:00,443
1.11.2013. 00:00:00,442
2.11.2013. 00:00:00,442
3.11.2013. 00:00:00,442
4.11.2013. 00:00:00,442
5.11.2013. 00:00:00,442
6.11.2013. 00:00:00,442
7.11.2013. 00:00:00,441
8.11.2013. 00:00:00,441
9.11.2013. 00:00:00,441
10.11.2013. 00:00:00,439
11.11.2013. 00:00:00,438
12.11.2013. 00:00:00,436
13.11.2013. 00:00:00,434
14.11.2013. 00:00:00,433
15.11.2013. 00:00:00,432
16.11.2013. 00:00:00,432
17.11.2013. 00:00:00,430
18.11.2013. 00:00:00,425
19.11.2013. 00:00:00,412
20.11.2013. 00:00:00,394
21.11.2013. 00:00:00,388
22.11.2013. 00:00:00,384
23.11.2013. 00:00:00,380
24.11.2013. 00:00:00,379
25.11.2013. 00:00:00,379
26.11.2013. 00:00:00,382
27.11.2013. 00:00:00,379
28.11.2013. 00:00:00,384
29.11.2013. 00:00:00,391
30.11.2013. 00:00:00,391
1.12.2013. 00:00:00,389
2.12.2013. 00:00:00,388
3.12.2013. 00:00:00,390
4.12.2013. 00:00:00,393
5.12.2013. 00:00:00,394
6.12.2013. 00:00:00,396
7.12.2013. 00:00:00,398
8.12.2013. 00:00:00,401
9.12.2013. 00:00:00,402
10.12.2013. 00:00:00,405
11.12.2013. 00:00:00,406
12.12.2013. 00:00:00,406
13.12.2013. 00:00:00,410
14.12.2013. 00:00:00,411
15.12.2013. 00:00:00,413
16.12.2013. 00:00:00,414
17.12.2013. 00:00:00,415
18.12.2013. 00:00:00,416
19.12.2013. 00:00:00,417
20.12.2013. 00:00:00,418
21.12.2013. 00:00:00,419
22.12.2013. 00:00:00,419
23.12.2013. 00:00:00,420
24.12.2013. 00:00:00,421
25.12.2013. 00:00:00,422
26.12.2013. 00:00:00,422
27.12.2013. 00:00:00,424
28.12.2013. 00:00:00,425
29.12.2013. 00:00:00,426
30.12.2013. 00:00:00,427
31.12.2013. 00:00:00,427
1.1.2014. 00:00:00,427
2.1.2014. 00:00:00,427
3.1.2014. 00:00:00,427
4.1.2014. 00:00:00,427
5.1.2014. 00:00:00,427
6.1.2014. 00:00:00,428
7.1.2014. 00:00:00,429
8.1.2014. 00:00:00,429
9.1.2014. 00:00:00,429
10.1.2014. 00:00:00,430
11.1.2014. 00:00:00,430
12.1.2014. 00:00:00,430
13.1.2014. 00:00:00,430
14.1.2014. 00:00:00,429
15.1.2014. 00:00:00,429
16.1.2014. 00:00:00,433
17.1.2014. 00:00:00,434
18.1.2014. 00:00:00,435
19.1.2014. 00:00:00,435
20.1.2014. 00:00:00,435
21.1.2014. 00:00:00,435
22.1.2014. 00:00:00,436
23.1.2014. 00:00:00,435
24.1.2014. 00:00:00,435
25.1.2014. 00:00:00,435
26.1.2014. 00:00:00,434
27.1.2014. 00:00:00,433
28.1.2014. 00:00:00,432
29.1.2014. 00:00:00,430
30.1.2014. 00:00:00,428
31.1.2014. 00:00:00,418
1.2.2014. 00:00:00,418
2.2.2014. 00:00:00,421
3.2.2014. 00:00:00,422
4.2.2014. 00:00:00,423
5.2.2014. 00:00:00,425
6.2.2014. 00:00:00,426
7.2.2014. 00:00:00,426
8.2.2014. 00:00:00,425
9.2.2014. 00:00:00,425
10.2.2014. 00:00:00,425
11.2.2014. 00:00:00,425
12.2.2014. 00:00:00,425
13.2.2014. 00:00:00,427
14.2.2014. 00:00:00,427
15.2.2014. 00:00:00,426
16.2.2014. 00:00:00,425
17.2.2014. 00:00:00,422
18.2.2014. 00:00:00,417
19.2.2014. 00:00:00,410
20.2.2014. 00:00:00,407
21.2.2014. 00:00:00,407
22.2.2014. 00:00:00,405
23.2.2014. 00:00:00,402
24.2.2014. 00:00:00,399
25.2.2014. 00:00:00,394
26.2.2014. 00:00:00,392
27.2.2014. 00:00:00,393
28.2.2014. 00:00:00,393
1.3.2014. 00:00:00,391
2.3.2014. 00:00:00,394
3.3.2014. 00:00:00,398
4.3.2014. 00:00:00,402
5.3.2014. 00:00:00,391
6.3.2014. 00:00:00,389
7.3.2014. 00:00:00,386
8.3.2014. 00:00:00,385
9.3.2014. 00:00:00,386
10.3.2014. 00:00:00,376
11.3.2014. 00:00:00,379
12.3.2014. 00:00:00,383
13.3.2014. 00:00:00,388
14.3.2014. 00:00:00,396
26.3.2014. 00:00:00,404
25.4.2014. 00:00:00,370
27.4.2014. 00:00:00,370
28.4.2014. 00:00:00,369
29.4.2014. 00:00:00,367
30.4.2014. 00:00:00,370
1.5.2014. 00:00:00,372
2.5.2014. 00:00:00,372
3.5.2014. 00:00:00,369
4.5.2014. 00:00:00,363
5.5.2014. 00:00:00,344
6.5.2014. 00:00:00,330
7.5.2014. 00:00:00,304
8.5.2014. 00:00:00,295
9.5.2014. 00:00:00,295
10.5.2014. 00:00:00,294
11.5.2014. 00:00:00,301
12.5.2014. 00:00:00,305
13.5.2014. 00:00:00,315
14.5.2014. 00:00:00,323
15.5.2014. 00:00:00,275
16.5.2014. 00:00:00,269
17.5.2014. 00:00:00,267
18.5.2014. 00:00:00,248
19.5.2014. 00:00:00,224
20.5.2014. 00:00:00,209
21.5.2014. 00:00:00,193
22.5.2014. 00:00:00,188
23.5.2014. 00:00:00,199
24.5.2014. 00:00:00,209
25.5.2014. 00:00:00,216
26.5.2014. 00:00:00,221
27.5.2014. 00:00:00,228
28.5.2014. 00:00:00,236
29.5.2014. 00:00:00,245
30.5.2014. 00:00:00,254
31.5.2014. 00:00:00,265
1.6.2014. 00:00:00,277
2.6.2014. 00:00:00,286
3.6.2014. 00:00:00,290
4.6.2014. 00:00:00,293
5.6.2014. 00:00:00,292
6.6.2014. 00:00:00,293
7.6.2014. 00:00:00,295
8.6.2014. 00:00:00,300
9.6.2014. 00:00:00,314
10.6.2014. 00:00:00,328
11.6.2014. 00:00:00,342
12.6.2014. 00:00:00,352
13.6.2014. 00:00:00,360
14.6.2014. 00:00:00,366
15.6.2014. 00:00:00,368
16.6.2014. 00:00:00,372
17.6.2014. 00:00:00,374
18.6.2014. 00:00:00,375
19.6.2014. 00:00:00,376
20.6.2014. 00:00:00,376
21.6.2014. 00:00:00,378
22.6.2014. 00:00:00,381
23.6.2014. 00:00:00,385
24.6.2014. 00:00:00,387
25.6.2014. 00:00:00,388
26.6.2014. 00:00:00,381
27.6.2014. 00:00:00,383
28.6.2014. 00:00:00,387
29.6.2014. 00:00:00,389
30.6.2014. 00:00:00,391
1.7.2014. 00:00:00,392
2.7.2014. 00:00:00,395
3.7.2014. 00:00:00,396
4.7.2014. 00:00:00,396
5.7.2014. 00:00:00,398
6.7.2014. 00:00:00,399
7.7.2014. 00:00:00,401
8.7.2014. 00:00:00,402
9.7.2014. 00:00:00,402
10.7.2014. 00:00:00,404
11.7.2014. 00:00:00,404
12.7.2014. 00:00:00,404
13.7.2014. 00:00:00,406
14.7.2014. 00:00:00,407
15.7.2014. 00:00:00,406
16.7.2014. 00:00:00,407
17.7.2014. 00:00:00,404
18.7.2014. 00:00:00,404
19.7.2014. 00:00:00,400
20.7.2014. 00:00:00,400
21.7.2014. 00:00:00,402
22.7.2014. 00:00:00,402
23.7.2014. 00:00:00,398
24.7.2014. 00:00:00,400
25.7.2014. 00:00:00,403
26.7.2014. 00:00:00,406
27.7.2014. 00:00:00,407
28.7.2014. 00:00:00,391
29.7.2014. 00:00:00,386
30.7.2014. 00:00:00,391
31.7.2014. 00:00:00,392
1.8.2014. 00:00:00,275
2.8.2014. 00:00:00,322
3.8.2014. 00:00:00,345
4.8.2014. 00:00:00,359
5.8.2014. 00:00:00,362
6.8.2014. 00:00:00,360
7.8.2014. 00:00:00,349
8.8.2014. 00:00:00,342
9.8.2014. 00:00:00,330
10.8.2014. 00:00:00,317
11.8.2014. 00:00:00,304
12.8.2014. 00:00:00,299
13.8.2014. 00:00:00,307
14.8.2014. 00:00:00,319
15.8.2014. 00:00:00,332
16.8.2014. 00:00:00,345
17.8.2014. 00:00:00,355
18.8.2014. 00:00:00,364
19.8.2014. 00:00:00,369
20.8.2014. 00:00:00,374
21.8.2014. 00:00:00,376
22.8.2014. 00:00:00,376
23.8.2014. 00:00:00,377
24.8.2014. 00:00:00,357
25.8.2014. 00:00:00,363
26.8.2014. 00:00:00,366
27.8.2014. 00:00:00,370
28.8.2014. 00:00:00,373
29.8.2014. 00:00:00,376
30.8.2014. 00:00:00,378
31.8.2014. 00:00:00,381
1.9.2014. 00:00:00,383
2.9.2014. 00:00:00,386
3.9.2014. 00:00:00,387
4.9.2014. 00:00:00,369
5.9.2014. 00:00:00,371
6.9.2014. 00:00:00,373
7.9.2014. 00:00:00,371
8.9.2014. 00:00:00,361
9.9.2014. 00:00:00,329
10.9.2014. 00:00:00,287
11.9.2014. 00:00:00,281
12.9.2014. 00:00:00,282
13.9.2014. 00:00:00,288
14.9.2014. 00:00:00,293
15.9.2014. 00:00:00,268
16.9.2014. 00:00:00,272
17.9.2014. 00:00:00,272
18.9.2014. 00:00:00,285
19.9.2014. 00:00:00,295
20.9.2014. 00:00:00,295
21.9.2014. 00:00:00,292
22.9.2014. 00:00:00,291
23.9.2014. 00:00:00,292
24.9.2014. 00:00:00,292
25.9.2014. 00:00:00,286
26.9.2014. 00:00:00,280
27.9.2014. 00:00:00,280
28.9.2014. 00:00:00,281
29.9.2014. 00:00:00,280
30.9.2014. 00:00:00,278
1.10.2014. 00:00:00,283
2.10.2014. 00:00:00,290
3.10.2014. 00:00:00,293
4.10.2014. 00:00:00,300
5.10.2014. 00:00:00,311
6.10.2014. 00:00:00,322
7.10.2014. 00:00:00,332
8.10.2014. 00:00:00,339
9.10.2014. 00:00:00,343
10.10.2014. 00:00:00,346
11.10.2014. 00:00:00,352
12.10.2014. 00:00:00,359
13.10.2014. 00:00:00,364
14.10.2014. 00:00:00,368
15.10.2014. 00:00:00,371
16.10.2014. 00:00:00,372
17.10.2014. 00:00:00,370
18.10.2014. 00:00:00,374
19.10.2014. 00:00:00,376
20.10.2014. 00:00:00,378
21.10.2014. 00:00:00,379
22.10.2014. 00:00:00,380
23.10.2014. 00:00:00,371
24.10.2014. 00:00:00,370
25.10.2014. 00:00:00,372
26.10.2014. 00:00:00,373
27.10.2014. 00:00:00,372
28.10.2014. 00:00:00,368
29.10.2014. 00:00:00,363
30.10.2014. 00:00:00,351
31.10.2014. 00:00:00,340
1.11.2014. 00:00:00,335
2.11.2014. 00:00:00,327
3.11.2014. 00:00:00,318
4.11.2014. 00:00:00,308
5.11.2014. 00:00:00,310
6.11.2014. 00:00:00,315
7.11.2014. 00:00:00,325
8.11.2014. 00:00:00,338
9.11.2014. 00:00:00,350
10.11.2014. 00:00:00,359
11.11.2014. 00:00:00,363
12.11.2014. 00:00:00,364
13.11.2014. 00:00:00,362
14.11.2014. 00:00:00,361
15.11.2014. 00:00:00,362
16.11.2014. 00:00:00,359
17.11.2014. 00:00:00,354
18.11.2014. 00:00:00,357
19.11.2014. 00:00:00,359
20.11.2014. 00:00:00,364
21.11.2014. 00:00:00,367
22.11.2014. 00:00:00,367
23.11.2014. 00:00:00,367
24.11.2014. 00:00:00,367
25.11.2014. 00:00:00,367
26.11.2014. 00:00:00,367
27.11.2014. 00:00:00,366
28.11.2014. 00:00:00,365
29.11.2014. 00:00:00,366
30.11.2014. 00:00:00,368
1.12.2014. 00:00:00,370
2.12.2014. 00:00:00,368
3.12.2014. 00:00:00,368
4.12.2014. 00:00:00,370
5.12.2014. 00:00:00,369
6.12.2014. 00:00:00,358
7.12.2014. 00:00:00,344
8.12.2014. 00:00:00,337
9.12.2014. 00:00:00,333
10.12.2014. 00:00:00,320
11.12.2014. 00:00:00,315
12.12.2014. 00:00:00,313
13.12.2014. 00:00:00,318
14.12.2014. 00:00:00,329
15.12.2014. 00:00:00,341
16.12.2014. 00:00:00,349
17.12.2014. 00:00:00,353
18.12.2014. 00:00:00,355
19.12.2014. 00:00:00,358
20.12.2014. 00:00:00,360
21.12.2014. 00:00:00,362
22.12.2014. 00:00:00,365
23.12.2014. 00:00:00,366
24.12.2014. 00:00:00,368
25.12.2014. 00:00:00,369
26.12.2014. 00:00:00,369
27.12.2014. 00:00:00,368
28.12.2014. 00:00:00,366
29.12.2014. 00:00:00,367
30.12.2014. 00:00:00,372
31.12.2014. 00:00:00,374
1.1.2015. 00:00:00,376
2.1.2015. 00:00:00,379
3.1.2015. 00:00:00,381
4.1.2015. 00:00:00,381
5.1.2015. 00:00:00,383
6.1.2015. 00:00:00,384
7.1.2015. 00:00:00,385
8.1.2015. 00:00:00,386
9.1.2015. 00:00:00,388
10.1.2015. 00:00:00,389
11.1.2015. 00:00:00,377
12.1.2015. 00:00:00,370
13.1.2015. 00:00:00,366
14.1.2015. 00:00:00,367
15.1.2015. 00:00:00,369
16.1.2015. 00:00:00,372
17.1.2015. 00:00:00,374
18.1.2015. 00:00:00,375
19.1.2015. 00:00:00,373
20.1.2015. 00:00:00,368
21.1.2015. 00:00:00,359
22.1.2015. 00:00:00,340
23.1.2015. 00:00:00,319
24.1.2015. 00:00:00,304
25.1.2015. 00:00:00,287
26.1.2015. 00:00:00,282
27.1.2015. 00:00:00,282
28.1.2015. 00:00:00,285
29.1.2015. 00:00:00,293
30.1.2015. 00:00:00,294
31.1.2015. 00:00:00,292
1.2.2015. 00:00:00,297
2.2.2015. 00:00:00,296
3.2.2015. 00:00:00,302
4.2.2015. 00:00:00,306
5.2.2015. 00:00:00,303
6.2.2015. 00:00:00,308
7.2.2015. 00:00:00,308
8.2.2015. 00:00:00,314
9.2.2015. 00:00:00,323
10.2.2015. 00:00:00,324
11.2.2015. 00:00:00,325
12.2.2015. 00:00:00,326
13.2.2015. 00:00:00,330
14.2.2015. 00:00:00,338
15.2.2015. 00:00:00,344
16.2.2015. 00:00:00,348
17.2.2015. 00:00:00,350
18.2.2015. 00:00:00,353
19.2.2015. 00:00:00,357
20.2.2015. 00:00:00,361
21.2.2015. 00:00:00,364
22.2.2015. 00:00:00,365
23.2.2015. 00:00:00,365
24.2.2015. 00:00:00,365
25.2.2015. 00:00:00,365
26.2.2015. 00:00:00,367
27.2.2015. 00:00:00,365
28.2.2015. 00:00:00,362
1.3.2015. 00:00:00,362
2.3.2015. 00:00:00,361
3.3.2015. 00:00:00,356
4.3.2015. 00:00:00,351
5.3.2015. 00:00:00,346
6.3.2015. 00:00:00,330
7.3.2015. 00:00:00,312
8.3.2015. 00:00:00,285
9.3.2015. 00:00:00,277
10.3.2015. 00:00:00,281
11.3.2015. 00:00:00,291
12.3.2015. 00:00:00,295
13.3.2015. 00:00:00,290
14.3.2015. 00:00:00,303
15.3.2015. 00:00:00,309
16.3.2015. 00:00:00,300
17.3.2015. 00:00:00,296
18.3.2015. 00:00:00,307
19.3.2015. 00:00:00,317
20.3.2015. 00:00:00,325
21.3.2015. 00:00:00,332
22.3.2015. 00:00:00,337
23.3.2015. 00:00:00,343
24.3.2015. 00:00:00,347
25.3.2015. 00:00:00,352
26.3.2015. 00:00:00,356
27.3.2015. 00:00:00,359
28.3.2015. 00:00:00,357
29.3.2015. 00:00:00,354
30.3.2015. 00:00:00,357
31.3.2015. 00:00:00,355
1.4.2015. 00:00:00,351
2.4.2015. 00:00:00,342
3.4.2015. 00:00:00,329
4.4.2015. 00:00:00,322
5.4.2015. 00:00:00,319
6.4.2015. 00:00:00,325
7.4.2015. 00:00:00,332
8.4.2015. 00:00:00,334
9.4.2015. 00:00:00,326
10.4.2015. 00:00:00,312
11.4.2015. 00:00:00,307
12.4.2015. 00:00:00,317
13.4.2015. 00:00:00,327
14.4.2015. 00:00:00,331
15.4.2015. 00:00:00,334
16.4.2015. 00:00:00,337
17.4.2015. 00:00:00,343
18.4.2015. 00:00:00,348
19.4.2015. 00:00:00,351
20.4.2015. 00:00:00,354
21.4.2015. 00:00:00,357
22.4.2015. 00:00:00,360
23.4.2015. 00:00:00,364
24.4.2015. 00:00:00,367
25.4.2015. 00:00:00,370
26.4.2015. 00:00:00,373
27.4.2015. 00:00:00,378
28.4.2015. 00:00:00,382
29.4.2015. 00:00:00,387
30.4.2015. 00:00:00,391
1.5.2015. 00:00:00,394
2.5.2015. 00:00:00,396
3.5.2015. 00:00:00,397
4.5.2015. 00:00:00,396
5.5.2015. 00:00:00,396
6.5.2015. 00:00:00,398
7.5.2015. 00:00:00,400
8.5.2015. 00:00:00,402
9.5.2015. 00:00:00,404
10.5.2015. 00:00:00,406
11.5.2015. 00:00:00,405
12.5.2015. 00:00:00,405
13.5.2015. 00:00:00,406
14.5.2015. 00:00:00,408
15.5.2015. 00:00:00,409
16.5.2015. 00:00:00,411
17.5.2015. 00:00:00,414
18.5.2015. 00:00:00,417
19.5.2015. 00:00:00,418
20.5.2015. 00:00:00,420
21.5.2015. 00:00:00,421
22.5.2015. 00:00:00,422
23.5.2015. 00:00:00,422
24.5.2015. 00:00:00,421
25.5.2015. 00:00:00,419
26.5.2015. 00:00:00,416
27.5.2015. 00:00:00,414
28.5.2015. 00:00:00,410
29.5.2015. 00:00:00,408
30.5.2015. 00:00:00,407
31.5.2015. 00:00:00,405
1.6.2015. 00:00:00,404
2.6.2015. 00:00:00,403
3.6.2015. 00:00:00,402
4.6.2015. 00:00:00,402
5.6.2015. 00:00:00,403
6.6.2015. 00:00:00,405
7.6.2015. 00:00:00,410
8.6.2015. 00:00:00,415
9.6.2015. 00:00:00,421
10.6.2015. 00:00:00,426
11.6.2015. 00:00:00,429
12.6.2015. 00:00:00,431
13.6.2015. 00:00:00,432
14.6.2015. 00:00:00,432
15.6.2015. 00:00:00,430
16.6.2015. 00:00:00,427
17.6.2015. 00:00:00,424
18.6.2015. 00:00:00,420
19.6.2015. 00:00:00,417
20.6.2015. 00:00:00,416
21.6.2015. 00:00:00,415
22.6.2015. 00:00:00,414
23.6.2015. 00:00:00,414
24.6.2015. 00:00:00,416
25.6.2015. 00:00:00,413
26.6.2015. 00:00:00,413
27.6.2015. 00:00:00,412
28.6.2015. 00:00:00,415
29.6.2015. 00:00:00,413
30.6.2015. 00:00:00,414
1.7.2015. 00:00:00,413
2.7.2015. 00:00:00,415
3.7.2015. 00:00:00,415
4.7.2015. 00:00:00,416
5.7.2015. 00:00:00,417
6.7.2015. 00:00:00,418
7.7.2015. 00:00:00,420
8.7.2015. 00:00:00,421
9.7.2015. 00:00:00,424
10.7.2015. 00:00:00,425
11.7.2015. 00:00:00,426
12.7.2015. 00:00:00,426
13.7.2015. 00:00:00,427
14.7.2015. 00:00:00,427
15.7.2015. 00:00:00,428
16.7.2015. 00:00:00,430
17.7.2015. 00:00:00,431
18.7.2015. 00:00:00,432
19.7.2015. 00:00:00,433
20.7.2015. 00:00:00,433
21.7.2015. 00:00:00,435
22.7.2015. 00:00:00,436
23.7.2015. 00:00:00,437
24.7.2015. 00:00:00,438
25.7.2015. 00:00:00,439
26.7.2015. 00:00:00,440
27.7.2015. 00:00:00,440
28.7.2015. 00:00:00,439
29.7.2015. 00:00:00,440
30.7.2015. 00:00:00,441
31.7.2015. 00:00:00,441
1.8.2015. 00:00:00,440
2.8.2015. 00:00:00,441
3.8.2015. 00:00:00,442
4.8.2015. 00:00:00,443
5.8.2015. 00:00:00,443
6.8.2015. 00:00:00,443
7.8.2015. 00:00:00,443
8.8.2015. 00:00:00,444
9.8.2015. 00:00:00,445
10.8.2015. 00:00:00,445
11.8.2015. 00:00:00,446
12.8.2015. 00:00:00,447
13.8.2015. 00:00:00,447
14.8.2015. 00:00:00,448
15.8.2015. 00:00:00,449
16.8.2015. 00:00:00,449
17.8.2015. 00:00:00,449
18.8.2015. 00:00:00,447
19.8.2015. 00:00:00,444
20.8.2015. 00:00:00,445
21.8.2015. 00:00:00,443
22.8.2015. 00:00:00,443
23.8.2015. 00:00:00,442
24.8.2015. 00:00:00,443
25.8.2015. 00:00:00,444
26.8.2015. 00:00:00,443
27.8.2015. 00:00:00,444
28.8.2015. 00:00:00,445
29.8.2015. 00:00:00,447
30.8.2015. 00:00:00,448
31.8.2015. 00:00:00,449
1.9.2015. 00:00:00,450
2.9.2015. 00:00:00,451
3.9.2015. 00:00:00,451
4.9.2015. 00:00:00,452
5.9.2015. 00:00:00,452
6.9.2015. 00:00:00,450
7.9.2015. 00:00:00,449
8.9.2015. 00:00:00,449
9.9.2015. 00:00:00,449
10.9.2015. 00:00:00,449
11.9.2015. 00:00:00,444
12.9.2015. 00:00:00,443
13.9.2015. 00:00:00,442
14.9.2015. 00:00:00,443
15.9.2015. 00:00:00,444
16.9.2015. 00:00:00,445
17.9.2015. 00:00:00,446
18.9.2015. 00:00:00,448
19.9.2015. 00:00:00,450
20.9.2015. 00:00:00,450
21.9.2015. 00:00:00,448
22.9.2015. 00:00:00,448
23.9.2015. 00:00:00,447
24.9.2015. 00:00:00,449
25.9.2015. 00:00:00,449
26.9.2015. 00:00:00,446
27.9.2015. 00:00:00,445
28.9.2015. 00:00:00,443
29.9.2015. 00:00:00,441
30.9.2015. 00:00:00,440
1.10.2015. 00:00:00,439
2.10.2015. 00:00:00,438
3.10.2015. 00:00:00,439
4.10.2015. 00:00:00,439
5.10.2015. 00:00:00,439
6.10.2015. 00:00:00,438
7.10.2015. 00:00:00,437
8.10.2015. 00:00:00,438
9.10.2015. 00:00:00,440
10.10.2015. 00:00:00,441
11.10.2015. 00:00:00,441
12.10.2015. 00:00:00,440
13.10.2015. 00:00:00,439
14.10.2015. 00:00:00,439
15.10.2015. 00:00:00,437
16.10.2015. 00:00:00,436
17.10.2015. 00:00:00,434
18.10.2015. 00:00:00,433
19.10.2015. 00:00:00,432
20.10.2015. 00:00:00,429
21.10.2015. 00:00:00,427
22.10.2015. 00:00:00,426
23.10.2015. 00:00:00,425
24.10.2015. 00:00:00,423
25.10.2015. 00:00:00,422
26.10.2015. 00:00:00,421
27.10.2015. 00:00:00,418
28.10.2015. 00:00:00,417
29.10.2015. 00:00:00,416
30.10.2015. 00:00:00,415
31.10.2015. 00:00:00,415
1.11.2015. 00:00:00,415
2.11.2015. 00:00:00,415
3.11.2015. 00:00:00,415
4.11.2015. 00:00:00,416
5.11.2015. 00:00:00,417
6.11.2015. 00:00:00,418
7.11.2015. 00:00:00,419
8.11.2015. 00:00:00,419
9.11.2015. 00:00:00,420
10.11.2015. 00:00:00,420
11.11.2015. 00:00:00,421
12.11.2015. 00:00:00,422
13.11.2015. 00:00:00,423
14.11.2015. 00:00:00,423
15.11.2015. 00:00:00,422
16.11.2015. 00:00:00,422
17.11.2015. 00:00:00,423
18.11.2015. 00:00:00,423
19.11.2015. 00:00:00,423
20.11.2015. 00:00:00,423
21.11.2015. 00:00:00,422
22.11.2015. 00:00:00,423
23.11.2015. 00:00:00,423
24.11.2015. 00:00:00,423
25.11.2015. 00:00:00,422
26.11.2015. 00:00:00,420
27.11.2015. 00:00:00,419
28.11.2015. 00:00:00,414
29.11.2015. 00:00:00,413
30.11.2015. 00:00:00,413
1.12.2015. 00:00:00,414
2.12.2015. 00:00:00,415
3.12.2015. 00:00:00,416
4.12.2015. 00:00:00,417
5.12.2015. 00:00:00,418
6.12.2015. 00:00:00,418
7.12.2015. 00:00:00,418
8.12.2015. 00:00:00,416
9.12.2015. 00:00:00,415
10.12.2015. 00:00:00,414
11.12.2015. 00:00:00,414
12.12.2015. 00:00:00,414
13.12.2015. 00:00:00,416
14.12.2015. 00:00:00,417
15.12.2015. 00:00:00,419
16.12.2015. 00:00:00,420
17.12.2015. 00:00:00,421
18.12.2015. 00:00:00,421
19.12.2015. 00:00:00,421
20.12.2015. 00:00:00,422
21.12.2015. 00:00:00,421
22.12.2015. 00:00:00,422
23.12.2015. 00:00:00,423
24.12.2015. 00:00:00,423
25.12.2015. 00:00:00,423
26.12.2015. 00:00:00,423
27.12.2015. 00:00:00,423
28.12.2015. 00:00:00,423
29.12.2015. 00:00:00,424
30.12.2015. 00:00:00,425
31.12.2015. 00:00:00,425
1.1.2016. 00:00:00,425
2.1.2016. 00:00:00,425
3.1.2016. 00:00:00,424
4.1.2016. 00:00:00,423
5.1.2016. 00:00:00,424
6.1.2016. 00:00:00,425
7.1.2016. 00:00:00,423
8.1.2016. 00:00:00,423
9.1.2016. 00:00:00,423
10.1.2016. 00:00:00,422
11.1.2016. 00:00:00,422
12.1.2016. 00:00:00,421
13.1.2016. 00:00:00,420
14.1.2016. 00:00:00,420
15.1.2016. 00:00:00,419
16.1.2016. 00:00:00,415
17.1.2016. 00:00:00,412
18.1.2016. 00:00:00,410
19.1.2016. 00:00:00,404
20.1.2016. 00:00:00,396
21.1.2016. 00:00:00,394
22.1.2016. 00:00:00,394
23.1.2016. 00:00:00,395
24.1.2016. 00:00:00,396
25.1.2016. 00:00:00,398
26.1.2016. 00:00:00,400
27.1.2016. 00:00:00,402
28.1.2016. 00:00:00,402
29.1.2016. 00:00:00,403
30.1.2016. 00:00:00,403
31.1.2016. 00:00:00,403
1.2.2016. 00:00:00,404
2.2.2016. 00:00:00,405
3.2.2016. 00:00:00,406
4.2.2016. 00:00:00,406
5.2.2016. 00:00:00,407
6.2.2016. 00:00:00,407
7.2.2016. 00:00:00,407
8.2.2016. 00:00:00,406
9.2.2016. 00:00:00,405
10.2.2016. 00:00:00,402
11.2.2016. 00:00:00,399
12.2.2016. 00:00:00,394
13.2.2016. 00:00:00,387
14.2.2016. 00:00:00,384
15.2.2016. 00:00:00,386
16.2.2016. 00:00:00,383
17.2.2016. 00:00:00,377
18.2.2016. 00:00:00,354
19.2.2016. 00:00:00,335
20.2.2016. 00:00:00,330
21.2.2016. 00:00:00,324
22.2.2016. 00:00:00,310
23.2.2016. 00:00:00,305
24.2.2016. 00:00:00,307
25.2.2016. 00:00:00,307
26.2.2016. 00:00:00,298
27.2.2016. 00:00:00,294
28.2.2016. 00:00:00,292
29.2.2016. 00:00:00,281
1.3.2016. 00:00:00,279
2.3.2016. 00:00:00,285
3.3.2016. 00:00:00,283
4.3.2016. 00:00:00,272
5.3.2016. 00:00:00,271
6.3.2016. 00:00:00,272
7.3.2016. 00:00:00,267
8.3.2016. 00:00:00,272
9.3.2016. 00:00:00,270
10.3.2016. 00:00:00,261
11.3.2016. 00:00:00,254
12.3.2016. 00:00:00,247
13.3.2016. 00:00:00,243
14.3.2016. 00:00:00,243
15.3.2016. 00:00:00,243
16.3.2016. 00:00:00,246
17.3.2016. 00:00:00,249
18.3.2016. 00:00:00,255
19.3.2016. 00:00:00,261
20.3.2016. 00:00:00,267
21.3.2016. 00:00:00,266
22.3.2016. 00:00:00,266
23.3.2016. 00:00:00,261
24.3.2016. 00:00:00,267
25.3.2016. 00:00:00,285
26.3.2016. 00:00:00,289
27.3.2016. 00:00:00,295
28.3.2016. 00:00:00,307
29.3.2016. 00:00:00,316
30.3.2016. 00:00:00,323
31.3.2016. 00:00:00,323
1.4.2016. 00:00:00,320
2.4.2016. 00:00:00,323
3.4.2016. 00:00:00,330
4.4.2016. 00:00:00,337
5.4.2016. 00:00:00,346
6.4.2016. 00:00:00,352
7.4.2016. 00:00:00,354
8.4.2016. 00:00:00,354
9.4.2016. 00:00:00,355
10.4.2016. 00:00:00,359
11.4.2016. 00:00:00,362
12.4.2016. 00:00:00,364
13.4.2016. 00:00:00,365
14.4.2016. 00:00:00,365
15.4.2016. 00:00:00,366
16.4.2016. 00:00:00,368
17.4.2016. 00:00:00,370
18.4.2016. 00:00:00,371
19.4.2016. 00:00:00,373
20.4.2016. 00:00:00,375
21.4.2016. 00:00:00,377
22.4.2016. 00:00:00,378
23.4.2016. 00:00:00,379
24.4.2016. 00:00:00,380
25.4.2016. 00:00:00,373
26.4.2016. 00:00:00,372
27.4.2016. 00:00:00,376
28.4.2016. 00:00:00,379
29.4.2016. 00:00:00,381
30.4.2016. 00:00:00,380
1.5.2016. 00:00:00,383
2.5.2016. 00:00:00,384
3.5.2016. 00:00:00,384
4.5.2016. 00:00:00,373
5.5.2016. 00:00:00,350
6.5.2016. 00:00:00,354
7.5.2016. 00:00:00,352
8.5.2016. 00:00:00,349
9.5.2016. 00:00:00,349
10.5.2016. 00:00:00,349
11.5.2016. 00:00:00,348
12.5.2016. 00:00:00,345
13.5.2016. 00:00:00,341
14.5.2016. 00:00:00,345
15.5.2016. 00:00:00,347
16.5.2016. 00:00:00,350
17.5.2016. 00:00:00,353
18.5.2016. 00:00:00,352
19.5.2016. 00:00:00,348
20.5.2016. 00:00:00,346
21.5.2016. 00:00:00,342
22.5.2016. 00:00:00,332
23.5.2016. 00:00:00,322
24.5.2016. 00:00:00,305
25.5.2016. 00:00:00,309
26.5.2016. 00:00:00,317
27.5.2016. 00:00:00,331
28.5.2016. 00:00:00,341
29.5.2016. 00:00:00,351
30.5.2016. 00:00:00,355
31.5.2016. 00:00:00,355
1.6.2016. 00:00:00,359
2.6.2016. 00:00:00,361
3.6.2016. 00:00:00,364
4.6.2016. 00:00:00,366
5.6.2016. 00:00:00,365
6.6.2016. 00:00:00,366
7.6.2016. 00:00:00,363
8.6.2016. 00:00:00,362
9.6.2016. 00:00:00,359
10.6.2016. 00:00:00,357
11.6.2016. 00:00:00,353
12.6.2016. 00:00:00,354
13.6.2016. 00:00:00,355
14.6.2016. 00:00:00,357
15.6.2016. 00:00:00,362
16.6.2016. 00:00:00,360
17.6.2016. 00:00:00,356
18.6.2016. 00:00:00,357
19.6.2016. 00:00:00,357
20.6.2016. 00:00:00,352
21.6.2016. 00:00:00,349
22.6.2016. 00:00:00,347
23.6.2016. 00:00:00,353
24.6.2016. 00:00:00,359
25.6.2016. 00:00:00,362
26.6.2016. 00:00:00,359
27.6.2016. 00:00:00,348
28.6.2016. 00:00:00,335
29.6.2016. 00:00:00,332
30.6.2016. 00:00:00,343
1.7.2016. 00:00:00,352
2.7.2016. 00:00:00,356
3.7.2016. 00:00:00,360
4.7.2016. 00:00:00,362
5.7.2016. 00:00:00,364
6.7.2016. 00:00:00,365
7.7.2016. 00:00:00,368
8.7.2016. 00:00:00,372
9.7.2016. 00:00:00,375
10.7.2016. 00:00:00,379
11.7.2016. 00:00:00,381
12.7.2016. 00:00:00,384
13.7.2016. 00:00:00,388
14.7.2016. 00:00:00,392
15.7.2016. 00:00:00,395
16.7.2016. 00:00:00,393
17.7.2016. 00:00:00,390
18.7.2016. 00:00:00,391
19.7.2016. 00:00:00,394
20.7.2016. 00:00:00,397
21.7.2016. 00:00:00,398
22.7.2016. 00:00:00,397
23.7.2016. 00:00:00,392
24.7.2016. 00:00:00,384
25.7.2016. 00:00:00,379
26.7.2016. 00:00:00,377
27.7.2016. 00:00:00,376
28.7.2016. 00:00:00,379
29.7.2016. 00:00:00,382
30.7.2016. 00:00:00,382
31.7.2016. 00:00:00,387
1.8.2016. 00:00:00,390
2.8.2016. 00:00:00,392
3.8.2016. 00:00:00,391
4.8.2016. 00:00:00,395
5.8.2016. 00:00:00,396
6.8.2016. 00:00:00,399
7.8.2016. 00:00:00,399
8.8.2016. 00:00:00,401
9.8.2016. 00:00:00,398
10.8.2016. 00:00:00,401
11.8.2016. 00:00:00,403
12.8.2016. 00:00:00,401
13.8.2016. 00:00:00,404
14.8.2016. 00:00:00,405
15.8.2016. 00:00:00,406
16.8.2016. 00:00:00,407
17.8.2016. 00:00:00,407
18.8.2016. 00:00:00,406
19.8.2016. 00:00:00,407
20.8.2016. 00:00:00,408
21.8.2016. 00:00:00,409
22.8.2016. 00:00:00,410
23.8.2016. 00:00:00,406
24.8.2016. 00:00:00,404
25.8.2016. 00:00:00,406
26.8.2016. 00:00:00,408
27.8.2016. 00:00:00,409
28.8.2016. 00:00:00,411
29.8.2016. 00:00:00,411
30.8.2016. 00:00:00,411
31.8.2016. 00:00:00,413
1.9.2016. 00:00:00,413
2.9.2016. 00:00:00,415
3.9.2016. 00:00:00,416
4.9.2016. 00:00:00,417
5.9.2016. 00:00:00,418
6.9.2016. 00:00:00,417
7.9.2016. 00:00:00,415
8.9.2016. 00:00:00,417
9.9.2016. 00:00:00,420
10.9.2016. 00:00:00,421
11.9.2016. 00:00:00,421
12.9.2016. 00:00:00,421
13.9.2016. 00:00:00,422
14.9.2016. 00:00:00,423
15.9.2016. 00:00:00,422
16.9.2016. 00:00:00,423
17.9.2016. 00:00:00,424
18.9.2016. 00:00:00,424
19.9.2016. 00:00:00,424
20.9.2016. 00:00:00,420
21.9.2016. 00:00:00,420
22.9.2016. 00:00:00,422
23.9.2016. 00:00:00,423
24.9.2016. 00:00:00,424
25.9.2016. 00:00:00,424
26.9.2016. 00:00:00,423
27.9.2016. 00:00:00,422
28.9.2016. 00:00:00,422
29.9.2016. 00:00:00,422
30.9.2016. 00:00:00,422
1.10.2016. 00:00:00,424
2.10.2016. 00:00:00,424
3.10.2016. 00:00:00,426
4.10.2016. 00:00:00,425
5.10.2016. 00:00:00,425
6.10.2016. 00:00:00,425
7.10.2016. 00:00:00,426
8.10.2016. 00:00:00,425
9.10.2016. 00:00:00,425
10.10.2016. 00:00:00,424
11.10.2016. 00:00:00,422
12.10.2016. 00:00:00,422
13.10.2016. 00:00:00,418
14.10.2016. 00:00:00,419
15.10.2016. 00:00:00,419
16.10.2016. 00:00:00,420
17.10.2016. 00:00:00,419
18.10.2016. 00:00:00,419
19.10.2016. 00:00:00,419
20.10.2016. 00:00:00,419
21.10.2016. 00:00:00,419
22.10.2016. 00:00:00,419
23.10.2016. 00:00:00,415
24.10.2016. 00:00:00,415
25.10.2016. 00:00:00,415
26.10.2016. 00:00:00,415
27.10.2016. 00:00:00,417
28.10.2016. 00:00:00,417
29.10.2016. 00:00:00,416
30.10.2016. 00:00:00,415
31.10.2016. 00:00:00,415
1.11.2016. 00:00:00,414
2.11.2016. 00:00:00,413
3.11.2016. 00:00:00,414
4.11.2016. 00:00:00,415
5.11.2016. 00:00:00,415
6.11.2016. 00:00:00,416
7.11.2016. 00:00:00,417
8.11.2016. 00:00:00,415
9.11.2016. 00:00:00,409
10.11.2016. 00:00:00,407
11.11.2016. 00:00:00,407
12.11.2016. 00:00:00,404
13.11.2016. 00:00:00,396
14.11.2016. 00:00:00,376
15.11.2016. 00:00:00,330
16.11.2016. 00:00:00,295
17.11.2016. 00:00:00,294
18.11.2016. 00:00:00,295
19.11.2016. 00:00:00,290
20.11.2016. 00:00:00,289
21.11.2016. 00:00:00,287
22.11.2016. 00:00:00,301
23.11.2016. 00:00:00,316
24.11.2016. 00:00:00,325
25.11.2016. 00:00:00,332
26.11.2016. 00:00:00,336
27.11.2016. 00:00:00,332
28.11.2016. 00:00:00,339
29.11.2016. 00:00:00,349
30.11.2016. 00:00:00,356
1.12.2016. 00:00:00,362
2.12.2016. 00:00:00,368
3.12.2016. 00:00:00,375
4.12.2016. 00:00:00,379
5.12.2016. 00:00:00,381
6.12.2016. 00:00:00,383
7.12.2016. 00:00:00,386
8.12.2016. 00:00:00,388
9.12.2016. 00:00:00,390
10.12.2016. 00:00:00,392
11.12.2016. 00:00:00,394
12.12.2016. 00:00:00,395
13.12.2016. 00:00:00,397
14.12.2016. 00:00:00,398
15.12.2016. 00:00:00,400
16.12.2016. 00:00:00,403
17.12.2016. 00:00:00,403
18.12.2016. 00:00:00,404
19.12.2016. 00:00:00,405
20.12.2016. 00:00:00,406
21.12.2016. 00:00:00,407
22.12.2016. 00:00:00,407
23.12.2016. 00:00:00,408
24.12.2016. 00:00:00,409
25.12.2016. 00:00:00,409
26.12.2016. 00:00:00,410
27.12.2016. 00:00:00,411
28.12.2016. 00:00:00,411
29.12.2016. 00:00:00,412
30.12.2016. 00:00:00,413
31.12.2016. 00:00:00,414
1.1.2017. 00:00:00,415
2.1.2017. 00:00:00,414
3.1.2017. 00:00:00,415
4.1.2017. 00:00:00,416
5.1.2017. 00:00:00,416
6.1.2017. 00:00:00,417
7.1.2017. 00:00:00,418
8.1.2017. 00:00:00,419
9.1.2017. 00:00:00,420
10.1.2017. 00:00:00,421
11.1.2017. 00:00:00,422
12.1.2017. 00:00:00,423
13.1.2017. 00:00:00,424
14.1.2017. 00:00:00,424
15.1.2017. 00:00:00,424
16.1.2017. 00:00:00,423
17.1.2017. 00:00:00,423
18.1.2017. 00:00:00,423
19.1.2017. 00:00:00,422
20.1.2017. 00:00:00,421
21.1.2017. 00:00:00,421
22.1.2017. 00:00:00,422
23.1.2017. 00:00:00,422
24.1.2017. 00:00:00,423
25.1.2017. 00:00:00,424
26.1.2017. 00:00:00,424
27.1.2017. 00:00:00,425
28.1.2017. 00:00:00,428
29.1.2017. 00:00:00,427
30.1.2017. 00:00:00,428
31.1.2017. 00:00:00,428
1.2.2017. 00:00:00,427
2.2.2017. 00:00:00,426
3.2.2017. 00:00:00,426
4.2.2017. 00:00:00,426
5.2.2017. 00:00:00,425
6.2.2017. 00:00:00,425
7.2.2017. 00:00:00,422
8.2.2017. 00:00:00,421
9.2.2017. 00:00:00,415
10.2.2017. 00:00:00,411
11.2.2017. 00:00:00,404
12.2.2017. 00:00:00,393
13.2.2017. 00:00:00,378
14.2.2017. 00:00:00,375
15.2.2017. 00:00:00,379
16.2.2017. 00:00:00,382
17.2.2017. 00:00:00,383
18.2.2017. 00:00:00,384
19.2.2017. 00:00:00,386
20.2.2017. 00:00:00,390
21.2.2017. 00:00:00,392
22.2.2017. 00:00:00,392
23.2.2017. 00:00:00,394
24.2.2017. 00:00:00,395
25.2.2017. 00:00:00,396
26.2.2017. 00:00:00,397
27.2.2017. 00:00:00,395
28.2.2017. 00:00:00,394
1.3.2017. 00:00:00,388
2.3.2017. 00:00:00,384
3.3.2017. 00:00:00,382
4.3.2017. 00:00:00,381
5.3.2017. 00:00:00,378
6.3.2017. 00:00:00,373
7.3.2017. 00:00:00,366
8.3.2017. 00:00:00,361
9.3.2017. 00:00:00,361
10.3.2017. 00:00:00,360
11.3.2017. 00:00:00,358
12.3.2017. 00:00:00,359
13.3.2017. 00:00:00,361
14.3.2017. 00:00:00,362
15.3.2017. 00:00:00,362
16.3.2017. 00:00:00,353
17.3.2017. 00:00:00,343
18.3.2017. 00:00:00,331
19.3.2017. 00:00:00,338
20.3.2017. 00:00:00,348
21.3.2017. 00:00:00,359
22.3.2017. 00:00:00,367
23.3.2017. 00:00:00,373
24.3.2017. 00:00:00,377
25.3.2017. 00:00:00,378
26.3.2017. 00:00:00,372
27.3.2017. 00:00:00,370
28.3.2017. 00:00:00,368
29.3.2017. 00:00:00,367
30.3.2017. 00:00:00,366
31.3.2017. 00:00:00,368
1.4.2017. 00:00:00,372
2.4.2017. 00:00:00,376
3.4.2017. 00:00:00,381
4.4.2017. 00:00:00,384
5.4.2017. 00:00:00,387
6.4.2017. 00:00:00,389
7.4.2017. 00:00:00,392
8.4.2017. 00:00:00,393
9.4.2017. 00:00:00,395
10.4.2017. 00:00:00,396
11.4.2017. 00:00:00,397
12.4.2017. 00:00:00,399
13.4.2017. 00:00:00,399
14.4.2017. 00:00:00,401
15.4.2017. 00:00:00,401
16.4.2017. 00:00:00,403
17.4.2017. 00:00:00,404
18.4.2017. 00:00:00,405
19.4.2017. 00:00:00,407
20.4.2017. 00:00:00,405
21.4.2017. 00:00:00,406
22.4.2017. 00:00:00,406
23.4.2017. 00:00:00,405
24.4.2017. 00:00:00,403
25.4.2017. 00:00:00,403
26.4.2017. 00:00:00,402
27.4.2017. 00:00:00,401
28.4.2017. 00:00:00,401
29.4.2017. 00:00:00,401
30.4.2017. 00:00:00,402
1.5.2017. 00:00:00,405
2.5.2017. 00:00:00,404
3.5.2017. 00:00:00,404
4.5.2017. 00:00:00,403
5.5.2017. 00:00:00,400
6.5.2017. 00:00:00,385
7.5.2017. 00:00:00,376
8.5.2017. 00:00:00,370
9.5.2017. 00:00:00,368
10.5.2017. 00:00:00,367
11.5.2017. 00:00:00,364
12.5.2017. 00:00:00,364
13.5.2017. 00:00:00,366
14.5.2017. 00:00:00,369
15.5.2017. 00:00:00,370
16.5.2017. 00:00:00,369
17.5.2017. 00:00:00,369
18.5.2017. 00:00:00,367
19.5.2017. 00:00:00,365
20.5.2017. 00:00:00,366
21.5.2017. 00:00:00,368
22.5.2017. 00:00:00,367
23.5.2017. 00:00:00,369
24.5.2017. 00:00:00,374
25.5.2017. 00:00:00,377
26.5.2017. 00:00:00,381
27.5.2017. 00:00:00,384
28.5.2017. 00:00:00,386
29.5.2017. 00:00:00,389
30.5.2017. 00:00:00,390
31.5.2017. 00:00:00,393
1.6.2017. 00:00:00,394
2.6.2017. 00:00:00,396
3.6.2017. 00:00:00,398
4.6.2017. 00:00:00,400
5.6.2017. 00:00:00,402
6.6.2017. 00:00:00,403
7.6.2017. 00:00:00,405
8.6.2017. 00:00:00,402
9.6.2017. 00:00:00,398
10.6.2017. 00:00:00,402
11.6.2017. 00:00:00,403
12.6.2017. 00:00:00,405
13.6.2017. 00:00:00,406
14.6.2017. 00:00:00,408
15.6.2017. 00:00:00,408
16.6.2017. 00:00:00,409
17.6.2017. 00:00:00,411
18.6.2017. 00:00:00,412
19.6.2017. 00:00:00,412
20.6.2017. 00:00:00,414
21.6.2017. 00:00:00,416
22.6.2017. 00:00:00,417
23.6.2017. 00:00:00,419
24.6.2017. 00:00:00,421
25.6.2017. 00:00:00,422
26.6.2017. 00:00:00,423
27.6.2017. 00:00:00,424
28.6.2017. 00:00:00,425
29.6.2017. 00:00:00,427
30.6.2017. 00:00:00,428
1.7.2017. 00:00:00,430
2.7.2017. 00:00:00,430
3.7.2017. 00:00:00,429
4.7.2017. 00:00:00,429
5.7.2017. 00:00:00,431
6.7.2017. 00:00:00,432
7.7.2017. 00:00:00,434
8.7.2017. 00:00:00,434
9.7.2017. 00:00:00,434
10.7.2017. 00:00:00,435
11.7.2017. 00:00:00,436
12.7.2017. 00:00:00,437
13.7.2017. 00:00:00,438
14.7.2017. 00:00:00,438
15.7.2017. 00:00:00,439
16.7.2017. 00:00:00,439
17.7.2017. 00:00:00,440
18.7.2017. 00:00:00,440
19.7.2017. 00:00:00,441
20.7.2017. 00:00:00,442
21.7.2017. 00:00:00,443
22.7.2017. 00:00:00,443
23.7.2017. 00:00:00,443
24.7.2017. 00:00:00,444
25.7.2017. 00:00:00,445
26.7.2017. 00:00:00,441
27.7.2017. 00:00:00,441
28.7.2017. 00:00:00,442
29.7.2017. 00:00:00,443
30.7.2017. 00:00:00,445
31.7.2017. 00:00:00,445
1.8.2017. 00:00:00,445
2.8.2017. 00:00:00,445
3.8.2017. 00:00:00,445
4.8.2017. 00:00:00,445
5.8.2017. 00:00:00,446
6.8.2017. 00:00:00,446
7.8.2017. 00:00:00,447
8.8.2017. 00:00:00,442
9.8.2017. 00:00:00,443
10.8.2017. 00:00:00,446
11.8.2017. 00:00:00,448
12.8.2017. 00:00:00,449
13.8.2017. 00:00:00,447
14.8.2017. 00:00:00,443
15.8.2017. 00:00:00,442
16.8.2017. 00:00:00,443
17.8.2017. 00:00:00,443
18.8.2017. 00:00:00,444
19.8.2017. 00:00:00,445
20.8.2017. 00:00:00,447
21.8.2017. 00:00:00,446
22.8.2017. 00:00:00,446
23.8.2017. 00:00:00,447
24.8.2017. 00:00:00,448
25.8.2017. 00:00:00,449
26.8.2017. 00:00:00,450
27.8.2017. 00:00:00,450
28.8.2017. 00:00:00,451
29.8.2017. 00:00:00,451
30.8.2017. 00:00:00,451
31.8.2017. 00:00:00,451
1.9.2017. 00:00:00,452
2.9.2017. 00:00:00,453
3.9.2017. 00:00:00,453
4.9.2017. 00:00:00,450
5.9.2017. 00:00:00,452
6.9.2017. 00:00:00,453
7.9.2017. 00:00:00,454
8.9.2017. 00:00:00,455
9.9.2017. 00:00:00,454
10.9.2017. 00:00:00,451
11.9.2017. 00:00:00,452
12.9.2017. 00:00:00,452
13.9.2017. 00:00:00,449
14.9.2017. 00:00:00,448
15.9.2017. 00:00:00,448
16.9.2017. 00:00:00,448
17.9.2017. 00:00:00,450
18.9.2017. 00:00:00,450
19.9.2017. 00:00:00,448
20.9.2017. 00:00:00,448
21.9.2017. 00:00:00,446
22.9.2017. 00:00:00,444
23.9.2017. 00:00:00,443
24.9.2017. 00:00:00,443
25.9.2017. 00:00:00,443
26.9.2017. 00:00:00,441
27.9.2017. 00:00:00,439
28.9.2017. 00:00:00,438
29.9.2017. 00:00:00,437
30.9.2017. 00:00:00,435
1.10.2017. 00:00:00,432
2.10.2017. 00:00:00,429
3.10.2017. 00:00:00,427
4.10.2017. 00:00:00,427
5.10.2017. 00:00:00,427
6.10.2017. 00:00:00,428
7.10.2017. 00:00:00,428
8.10.2017. 00:00:00,428
9.10.2017. 00:00:00,430
10.10.2017. 00:00:00,431
11.10.2017. 00:00:00,432
12.10.2017. 00:00:00,432
13.10.2017. 00:00:00,433
14.10.2017. 00:00:00,433
15.10.2017. 00:00:00,434
16.10.2017. 00:00:00,434
17.10.2017. 00:00:00,435
18.10.2017. 00:00:00,434
19.10.2017. 00:00:00,435
20.10.2017. 00:00:00,435
21.10.2017. 00:00:00,436
22.10.2017. 00:00:00,436
23.10.2017. 00:00:00,436
24.10.2017. 00:00:00,436
25.10.2017. 00:00:00,433
26.10.2017. 00:00:00,432
27.10.2017. 00:00:00,433
28.10.2017. 00:00:00,433
29.10.2017. 00:00:00,433
30.10.2017. 00:00:00,432
31.10.2017. 00:00:00,432
1.11.2017. 00:00:00,431
2.11.2017. 00:00:00,431
3.11.2017. 00:00:00,430
4.11.2017. 00:00:00,430
5.11.2017. 00:00:00,430
6.11.2017. 00:00:00,428
7.11.2017. 00:00:00,428
8.11.2017. 00:00:00,428
9.11.2017. 00:00:00,428
10.11.2017. 00:00:00,429
11.11.2017. 00:00:00,429
12.11.2017. 00:00:00,429
13.11.2017. 00:00:00,428
14.11.2017. 00:00:00,427
15.11.2017. 00:00:00,427
16.11.2017. 00:00:00,426
17.11.2017. 00:00:00,426
18.11.2017. 00:00:00,425
19.11.2017. 00:00:00,424
20.11.2017. 00:00:00,423
21.11.2017. 00:00:00,422
22.11.2017. 00:00:00,420
23.11.2017. 00:00:00,418
24.11.2017. 00:00:00,417
25.11.2017. 00:00:00,417
26.11.2017. 00:00:00,417
27.11.2017. 00:00:00,417
28.11.2017. 00:00:00,418
29.11.2017. 00:00:00,418
30.11.2017. 00:00:00,417
1.12.2017. 00:00:00,416
2.12.2017. 00:00:00,416
3.12.2017. 00:00:00,416
4.12.2017. 00:00:00,413
5.12.2017. 00:00:00,402
6.12.2017. 00:00:00,394
7.12.2017. 00:00:00,394
8.12.2017. 00:00:00,396
9.12.2017. 00:00:00,397
10.12.2017. 00:00:00,398
11.12.2017. 00:00:00,399
12.12.2017. 00:00:00,400
13.12.2017. 00:00:00,402
14.12.2017. 00:00:00,403
15.12.2017. 00:00:00,403
16.12.2017. 00:00:00,401
17.12.2017. 00:00:00,395
18.12.2017. 00:00:00,376
19.12.2017. 00:00:00,348
20.12.2017. 00:00:00,335
21.12.2017. 00:00:00,328
22.12.2017. 00:00:00,329
23.12.2017. 00:00:00,333
24.12.2017. 00:00:00,335
25.12.2017. 00:00:00,328
26.12.2017. 00:00:00,328
27.12.2017. 00:00:00,336
28.12.2017. 00:00:00,339
29.12.2017. 00:00:00,340
30.12.2017. 00:00:00,343
31.12.2017. 00:00:00,342
